id,first_name,last_name,email,gender,nhs_number,city,test_date,test_result
1,Drusilla,Pallent,dpallent0@ask.com,Female,1221349627,Prosvet,4/29/2020,false
2,Susanetta,Etienne,setienne1@technorati.com,Female,0955561620,Paraguarí,12/30/2019,true
3,Penny,Dunnan,pdunnan2@deliciousdays.com,Male,4706396530,Ban Na,10/8/2020,true
4,Onofredo,Kieran,okieran3@linkedin.com,Male,8744815581,Hodoš,1/9/2020,true
5,Kirbee,Barbara,kbarbara4@1688.com,Female,5704273149,Enschede,3/15/2020,true
6,Valene,Storrah,vstorrah5@mashable.com,Female,1471494934,Uchimaru,9/18/2020,false
7,Giorgia,Prettyman,gprettyman6@netvibes.com,Female,0788561065,Sortavala,10/14/2019,true
8,Gabriell,Mingus,gmingus7@exblog.jp,Female,2759171108,Orahovac,5/3/2020,false
9,Marja,Ickowicz,mickowicz8@yandex.ru,Female,2140541839,Longzhong,2/1/2020,false
10,Patricia,Bowling,pbowling9@surveymonkey.com,Female,4776169762,Tranås,10/23/2019,true
11,Chloris,Exter,cextera@jiathis.com,Female,9195495312,Sammatti,4/30/2020,false
12,Agnese,Holdron,aholdronb@adobe.com,Female,9974354501,Ush-Tyube,6/8/2020,true
13,Lu,Element,lelementc@java.com,Female,0770789757,Dongyangzhen,6/3/2020,false
14,Carin,Goshawk,cgoshawkd@java.com,Female,7803780881,Utena,9/1/2020,true
15,Adam,Hollingsby,ahollingsbye@wsj.com,Male,7777633929,Goianésia,5/11/2020,true
16,Arnaldo,Parradye,aparradyef@loc.gov,Male,7251014769,Chimichagua,2/4/2020,true
17,Teador,Aliman,talimang@icio.us,Male,2861134844,Tangxi,12/2/2019,false
18,Selene,Wickwar,swickwarh@gov.uk,Female,9696279477,Obrenovac,6/16/2020,false
19,Joyous,Geipel,jgeipeli@mapquest.com,Female,7938440620,Tarata,12/8/2019,false
20,Cecil,Polden,cpoldenj@google.com.au,Male,2355147043,Catia La Mar,9/19/2020,false
21,Tyne,Algy,talgyk@pagesperso-orange.fr,Female,2910771342,Valbo,2/15/2020,false
22,Jsandye,Bartoszinski,jbartoszinskil@free.fr,Female,3670333223,Pulau Pinang,11/10/2019,true
23,Calhoun,Lenchenko,clenchenkom@pinterest.com,Male,7071764972,Bāfq,9/2/2020,false
24,Constantine,Kaasmann,ckaasmannn@tinyurl.com,Male,3791743414,Barisāl,11/5/2019,false
25,Enriqueta,Mynett,emynetto@tumblr.com,Female,9595360279,Bayanhongor,7/21/2020,false
26,Hagan,Moral,hmoralp@xinhuanet.com,Male,2081243482,Krajan Tengah,3/24/2020,true
27,Darda,Giorgetti,dgiorgettiq@oakley.com,Female,9637714154,Horta,1/23/2020,true
28,Bertine,Whitesel,bwhiteselr@apache.org,Female,7132308084,Houston,3/8/2020,true
29,Brandy,Leates,bleatess@youtube.com,Female,5406992791,Pylaía,8/7/2020,false
30,Dasi,Hazart,dhazartt@wisc.edu,Female,0203225562,Banjar Sambangan,12/29/2019,false
31,Barri,Bellingham,bbellinghamu@comcast.net,Male,4638701272,Emiliano Zapata,6/10/2020,true
32,Cooper,Morigan,cmoriganv@geocities.jp,Male,3830745729,Hněvotín,3/12/2020,true
33,Collin,Varlow,cvarloww@slashdot.org,Male,7652597617,Tiyingtali Kelod,12/3/2019,false
34,Val,Millichip,vmillichipx@ucoz.ru,Female,6908145956,Maanĭt,10/11/2020,true
35,Gordy,Wren,gwreny@cyberchimps.com,Male,2415224103,Tungelsta,5/18/2020,false
36,Ebeneser,Osler,eoslerz@princeton.edu,Male,2071972570,Sumbermanggis,8/27/2020,false
37,Wheeler,Binden,wbinden10@behance.net,Male,0701264411,Carleton-sur-Mer,1/27/2020,false
38,Danny,Basham,dbasham11@alexa.com,Male,9413213518,Changshan,1/11/2020,false
39,Ervin,Brockhurst,ebrockhurst12@eventbrite.com,Male,7821182362,Vancouver,5/30/2020,true
40,Delainey,Chatainier,dchatainier13@yolasite.com,Male,8683352323,Santa Cruz,12/17/2019,true
41,Lacey,Jirzik,ljirzik14@123-reg.co.uk,Female,7259988428,Orléans,7/12/2020,false
42,Davidde,Harder,dharder15@utexas.edu,Male,9178171563,Hirvensalmi,12/16/2019,true
43,Nolan,Cordeix,ncordeix16@utexas.edu,Male,1421067978,Penengahan,9/4/2020,true
44,Kurtis,Alexsandrowicz,kalexsandrowicz17@geocities.com,Male,8357758991,Aisai,1/1/2020,true
45,Pincus,Peyro,ppeyro18@go.com,Male,1166887812,Asyūţ,9/20/2020,true
46,Shelby,Clemintoni,sclemintoni19@sbwire.com,Male,6841315278,Vinhedo,9/27/2020,true
47,Latia,Perkin,lperkin1a@hhs.gov,Female,4179483513,Banjar Bongangede,3/6/2020,false
48,Josefa,Mockler,jmockler1b@independent.co.uk,Female,1969060689,Serra,5/27/2020,true
49,Rae,Selly,rselly1c@nydailynews.com,Female,7041230899,Selemadeg Kelod,3/19/2020,false
50,Lynnell,Tethacot,ltethacot1d@usda.gov,Female,5838678224,Manjing,5/8/2020,false
51,Rolfe,Bason,rbason1e@prweb.com,Male,0327183918,Jindong,6/21/2020,false
52,Sybil,Dee,sdee1f@yandex.ru,Female,8206369392,Ke’erlun,7/25/2020,false
53,Logan,Lifsey,llifsey1g@tmall.com,Male,1117978370,Kanigorokrajan,5/6/2020,true
54,Sanderson,Jimson,sjimson1h@flickr.com,Male,3150765315,Shorapani,10/19/2019,false
55,Tracey,Reape,treape1i@ning.com,Male,8692578835,Thākurgaon,12/25/2019,false
56,Uri,Di Boldi,udiboldi1j@mayoclinic.com,Male,8585127848,Kiloloran,7/30/2020,false
57,Caroline,Adlington,cadlington1k@icio.us,Female,0253908493,Ždánice,4/21/2020,true
58,Tessa,Huelin,thuelin1l@typepad.com,Female,5117192508,Dióni,11/21/2019,false
59,Kaitlin,Malley,kmalley1m@yolasite.com,Female,2563544785,San Antonio,12/8/2019,false
60,Darill,Fantone,dfantone1n@booking.com,Male,6198767779,Chunyang,7/11/2020,false
61,Reyna,Robertet,rrobertet1o@army.mil,Female,9264118608,Khvatovka,9/17/2020,false
62,Kennett,Leyland,kleyland1p@wikipedia.org,Male,2251569561,Amnat Charoen,12/3/2019,false
63,Gerhardine,Brandenburg,gbrandenburg1q@ycombinator.com,Female,5056105570,Shiyun,1/29/2020,true
64,Floria,Crellin,fcrellin1r@opensource.org,Female,1941325033,Dayuan,2/9/2020,true
65,Terrence,Chalice,tchalice1s@miitbeian.gov.cn,Male,9440557028,Kunyang,1/1/2020,false
66,Hortense,Bines,hbines1t@ucla.edu,Female,8194739020,Gudermes,1/1/2020,true
67,Jacquie,Wrangle,jwrangle1u@sun.com,Female,4866093013,Nailung,2/17/2020,false
68,Angelo,Casse,acasse1v@omniture.com,Male,7650620808,Costa Nova do Prado,3/8/2020,false
69,Doroteya,Dotson,ddotson1w@diigo.com,Female,5947572508,Oral,4/6/2020,true
70,Tristan,Collen,tcollen1x@pagesperso-orange.fr,Male,6181204245,Xagqu,6/16/2020,true
71,Calli,Blewitt,cblewitt1y@google.cn,Female,4965676807,Lijiapu,4/17/2020,false
72,Delmor,Ellicombe,dellicombe1z@feedburner.com,Male,2841699749,Mali,11/1/2019,true
73,Keene,Paulusch,kpaulusch20@latimes.com,Male,7057986033,Borāzjān,10/18/2019,true
74,Ronnica,Shegog,rshegog21@comcast.net,Female,4234184330,Zhujiachang,10/14/2019,true
75,Loutitia,Totton,ltotton22@reverbnation.com,Female,9502067592,Loshnitsa,3/11/2020,false
76,Sheela,Bus,sbus23@goo.ne.jp,Female,8451568114,Miaoqian,6/14/2020,true
77,Cori,McCaughran,cmccaughran24@stumbleupon.com,Male,3444308221,Stockholm,1/29/2020,true
78,Alick,Saleway,asaleway25@cafepress.com,Male,6681589367,Ol’ginskaya,1/26/2020,false
79,Stevana,Hussell,shussell26@cbslocal.com,Female,8045019247,Roriz,9/25/2020,false
80,Bartholomeus,Blanche,bblanche27@google.com.au,Male,9822697120,Rautalampi,3/19/2020,false
81,Chevy,Chasier,cchasier28@noaa.gov,Male,3722658748,Banjar Sambangan,10/10/2020,true
82,Shermie,Callan,scallan29@wikia.com,Male,1483043622,Santa Cruz Muluá,7/23/2020,false
83,Hana,Keming,hkeming2a@umn.edu,Female,3399954298,Hearst,6/11/2020,false
84,Diann,Tippler,dtippler2b@de.vu,Female,7396412226,Rato,8/13/2020,true
85,Northrup,Dittson,ndittson2c@ycombinator.com,Male,0442795955,Bagani,2/27/2020,true
86,Carroll,Quinane,cquinane2d@symantec.com,Male,1706714610,Davyd-Haradok,9/12/2020,true
87,Clarinda,Nelsey,cnelsey2e@indiegogo.com,Female,8443514841,Gavea,4/27/2020,true
88,Hayward,Siemons,hsiemons2f@nsw.gov.au,Male,9625551743,Cerro,2/13/2020,false
89,Niles,Cummine,ncummine2g@forbes.com,Male,2611464316,Morawica,9/1/2020,true
90,Gibb,Readett,greadett2h@wikispaces.com,Male,3682961046,Krajan Waturoyo,8/2/2020,true
91,Gideon,Gait,ggait2i@xinhuanet.com,Male,8365723255,Brongkalan,1/16/2020,false
92,Karleen,Mityashev,kmityashev2j@mapquest.com,Female,1863610251,Bang Na,9/26/2020,true
93,Isacco,Castagnaro,icastagnaro2k@symantec.com,Male,2420258525,Karangnongko,3/30/2020,false
94,Kinnie,Curwood,kcurwood2l@usa.gov,Male,9796828243,Kaltan,3/30/2020,false
95,Jehanna,Langmuir,jlangmuir2m@usa.gov,Female,0085235466,Paris 19,10/13/2019,true
96,Patten,Whitnall,pwhitnall2n@nydailynews.com,Male,7549242844,Mangere,7/29/2020,false
97,Karlik,Jacobson,kjacobson2o@pinterest.com,Male,8976271084,Saint-Bruno,11/21/2019,true
98,Rosalyn,Doreward,rdoreward2p@amazonaws.com,Female,3081825466,Wahawaha,10/21/2019,true
99,Horton,Cruess,hcruess2q@nydailynews.com,Male,8964594053,Tatsunochō-tominaga,11/30/2019,true
100,Anthea,Ripping,aripping2r@wordpress.org,Female,7536651104,Aguiar da Beira,6/15/2020,true
101,Aida,Winks,awinks2s@cloudflare.com,Female,6444663261,Zhongwei,10/21/2019,false
102,Minna,Preshaw,mpreshaw2t@pcworld.com,Female,7342165751,Merlo,2/27/2020,false
103,Etta,Boddam,eboddam2u@deliciousdays.com,Female,7901033177,João Pessoa,1/9/2020,false
104,Arvy,Scotfurth,ascotfurth2v@purevolume.com,Male,1692378651,Capellanía,6/13/2020,true
105,Bobbi,Franzoli,bfranzoli2w@sakura.ne.jp,Female,6886856898,Tiro,2/9/2020,true
106,Odell,Scurrah,oscurrah2x@hexun.com,Male,5358723242,Carriedo,4/3/2020,true
107,Padgett,Hune,phune2y@alibaba.com,Male,4171097703,Hejiaping,9/2/2020,false
108,Whitney,Jeacock,wjeacock2z@miibeian.gov.cn,Female,9034671348,Wengtian,3/2/2020,true
109,Elenore,Bedberry,ebedberry30@de.vu,Female,6419996481,Mesa,1/29/2020,false
110,Alta,Drance,adrance31@si.edu,Female,0940719657,Labytnangi,5/8/2020,false
111,Elita,Matts,ematts32@vkontakte.ru,Female,4096548286,Mó,3/16/2020,true
112,Kirk,Eastope,keastope33@squarespace.com,Male,9406397803,Bergen op Zoom,3/23/2020,true
113,Adrienne,Kleinbaum,akleinbaum34@patch.com,Female,1808863631,Lysyanka,7/9/2020,false
114,Myrle,Waterworth,mwaterworth35@discovery.com,Female,8154588005,Sumilao,1/30/2020,true
115,Catlaina,Hopkynson,chopkynson36@ox.ac.uk,Female,9863950408,Heimahe,11/7/2019,false
116,Maud,Barton,mbarton37@over-blog.com,Female,7858069411,Liudu,10/2/2020,false
117,Kipp,Rubinlicht,krubinlicht38@free.fr,Female,8562291048,Viljakkala,12/24/2019,true
118,Marmaduke,Rodda,mrodda39@webmd.com,Male,2809252092,Trunovskoye,2/22/2020,true
119,Harald,Mallalieu,hmallalieu3a@nsw.gov.au,Male,6161933659,Matsena,2/10/2020,false
120,Antin,Ellingford,aellingford3b@yale.edu,Male,8777109406,Mulhouse,2/6/2020,true
121,Caldwell,Axworthy,caxworthy3c@harvard.edu,Male,5855991083,Masis,4/12/2020,false
122,Alphonso,Millership,amillership3d@digg.com,Male,0311078303,Macayug,11/13/2019,false
123,Reg,Cordes,rcordes3e@washingtonpost.com,Male,0857775499,Hats’avan,4/10/2020,false
124,Jeremy,Banisch,jbanisch3f@bluehost.com,Male,0106102486,Khueang Nai,5/31/2020,true
125,Somerset,Kenninghan,skenninghan3g@indiegogo.com,Male,8107447131,Strömsund,12/23/2019,false
126,Blondy,Gemson,bgemson3h@tripod.com,Female,8776516261,Bressuire,8/17/2020,true
127,Terri,Waldocke,twaldocke3i@cdbaby.com,Female,1935859544,Irupi,7/23/2020,true
128,Christiana,Gibbie,cgibbie3j@hhs.gov,Female,0723943982,Tongquan,6/16/2020,false
129,Kynthia,Spikins,kspikins3k@g.co,Female,3248513292,Leonídio,5/1/2020,false
130,Ruben,Tomkies,rtomkies3l@webs.com,Male,9633156874,Hashtgerd,8/14/2020,false
131,Joycelin,Pistol,jpistol3m@cnbc.com,Female,3081780365,Gesik,6/17/2020,false
132,Osgood,Morant,omorant3n@woothemes.com,Male,1118964209,Stari Bohorodchany,11/15/2019,false
133,Reynolds,Purkess,rpurkess3o@spotify.com,Male,1320888763,Amsterdam Binnenstad en Oostelijk Havengebied,4/12/2020,true
134,Forester,Ramberg,framberg3p@microsoft.com,Male,3323912780,Gangbei,11/20/2019,false
135,Tomaso,Eisenberg,teisenberg3q@theguardian.com,Male,2018557599,Anguil,9/3/2020,true
136,Genia,Kynder,gkynder3r@delicious.com,Female,5213202187,Kunów,4/19/2020,false
137,Sibelle,Chesson,schesson3s@engadget.com,Female,5379987737,Zongzhai,9/21/2020,false
138,Cobby,Spavins,cspavins3t@example.com,Male,2874790567,Tijucas,5/31/2020,true
139,Melessa,Windus,mwindus3u@ted.com,Female,5210642011,Gaotaizi,7/30/2020,true
140,Mic,Mustchin,mmustchin3v@unc.edu,Male,1030018804,Dalududalu,10/7/2020,true
141,Neille,Kliemchen,nkliemchen3w@skyrock.com,Female,3774706999,Mazkeret Batya,11/11/2019,false
142,Fayina,Santhouse,fsanthouse3x@gov.uk,Female,4581904900,Kapinango,3/29/2020,true
143,Kipp,Malcher,kmalcher3y@blogspot.com,Male,9687611057,Santo Tomas,11/26/2019,false
144,Felizio,Kleinstern,fkleinstern3z@craigslist.org,Male,7774174656,Zhongshu,3/14/2020,true
145,Marcille,Earle,mearle40@cocolog-nifty.com,Female,3456145055,Concórdia,1/7/2020,true
146,Jennica,Fernihough,jfernihough41@google.de,Female,3173199766,Zengtian,9/23/2020,false
147,Nadeen,Trundler,ntrundler42@google.ru,Female,6099879498,Nový Bor,4/30/2020,true
148,Bendix,Guittet,bguittet43@xrea.com,Male,8721692351,Kroya,11/9/2019,false
149,Billi,Wickens,bwickens44@ucla.edu,Female,8528618102,Magersari,12/18/2019,true
150,Haley,Persence,hpersence45@businessweek.com,Male,4866729813,Shijing,12/21/2019,true
151,Meta,Peirpoint,mpeirpoint46@51.la,Female,3371686094,Kyela,5/26/2020,false
152,Kathleen,Elcy,kelcy47@altervista.org,Female,8223010011,Sosnovka,9/14/2020,true
153,Tommie,Sains,tsains48@wordpress.com,Male,8727330044,Jalapa,4/19/2020,false
154,Othello,Blincoe,oblincoe49@mozilla.org,Male,5034096684,Rueil-Malmaison,3/21/2020,true
155,Ailbert,Jonk,ajonk4a@engadget.com,Male,0049774832,Miami,2/4/2020,true
156,Ilise,Macken,imacken4b@cpanel.net,Female,6375006163,Sigay,6/15/2020,false
157,Marjorie,Wells,mwells4c@mit.edu,Female,0929631390,Yitang,10/6/2020,true
158,Jaquenette,Desmond,jdesmond4d@xrea.com,Female,8371715811,Cieurih Satu,6/3/2020,false
159,Bettye,Mantz,bmantz4e@tripadvisor.com,Female,0843962194,Granada,1/16/2020,true
160,Fabien,Shoutt,fshoutt4f@facebook.com,Male,0378405683,Ngulung Wetan,12/9/2019,false
161,Brant,Saunier,bsaunier4g@state.tx.us,Male,2198622033,Jijia,2/22/2020,true
162,Vivien,Mariner,vmariner4h@google.co.uk,Female,1068939362,Paritjunus,6/7/2020,false
163,Elwin,Dorman,edorman4i@upenn.edu,Male,4077287456,Futu,5/31/2020,true
164,Marius,Van Der Walt,mvanderwalt4j@ehow.com,Male,4706024641,Oslo,6/6/2020,false
165,Ashleigh,Poulsen,apoulsen4k@flavors.me,Female,3166584897,Kanye,8/13/2020,true
166,Dorotea,Caslake,dcaslake4l@issuu.com,Female,8939490789,Angoulême,4/17/2020,true
167,Millie,Hyndman,mhyndman4m@twitter.com,Female,6811695013,Jinyuan,1/5/2020,true
168,Dougie,Maton,dmaton4n@hud.gov,Male,8870427382,Imeni Zhelyabova,4/4/2020,false
169,Way,Welch,wwelch4o@cisco.com,Male,6425102632,Laiponda,12/23/2019,true
170,Deloria,Trehearne,dtrehearne4p@accuweather.com,Female,4343631354,Vyshneye Dolgoye,10/14/2019,false
171,Flint,Illsley,fillsley4q@springer.com,Male,1071586386,Lilongwe,11/26/2019,false
172,Sile,Wagon,swagon4r@google.com.hk,Female,7961114491,Villa Bisonó,4/21/2020,false
173,Klara,Mincher,kmincher4s@sina.com.cn,Female,0506482863,Palanit,12/11/2019,false
174,Hubie,Wiffler,hwiffler4t@eventbrite.com,Male,6394151408,Loštice,1/24/2020,true
175,Klaus,Bertolin,kbertolin4u@cornell.edu,Male,4793220002,Laleng,5/22/2020,false
176,Luisa,Dorsett,ldorsett4v@uiuc.edu,Female,2764051913,Hengshitang,5/21/2020,true
177,Romona,Beckerleg,rbeckerleg4w@independent.co.uk,Female,6705199105,Khao Yoi,5/21/2020,false
178,Gardiner,Baptista,gbaptista4x@rambler.ru,Male,7128611045,Amancio,1/17/2020,true
179,Neddie,Suggate,nsuggate4y@chicagotribune.com,Male,0780830849,Kuragaki-kosugi,5/29/2020,true
180,Angelique,Bullcock,abullcock4z@omniture.com,Female,4396616619,Orléans,6/13/2020,true
181,Trixie,Pym,tpym50@instagram.com,Female,6266518929,Stare Kurowo,11/24/2019,true
182,Marta,Partridge,mpartridge51@princeton.edu,Female,0243804458,Ríohacha,12/11/2019,true
183,Zebedee,Parry,zparry52@privacy.gov.au,Male,9014300301,Chakaray,11/22/2019,false
184,Giuditta,Darte,gdarte53@princeton.edu,Female,2371525715,Granada,1/15/2020,true
185,Mattie,Shepherd,mshepherd54@miibeian.gov.cn,Male,6853779320,Ciasna,3/28/2020,false
186,Mahmud,Gager,mgager55@phoca.cz,Male,1646666968,Lacombe,3/27/2020,false
187,Zachary,Blezard,zblezard56@cdbaby.com,Male,6295171001,Zengji,9/15/2020,false
188,Olympia,Fellow,ofellow57@pcworld.com,Female,3056640296,Bayt Līd,3/20/2020,true
189,Linnell,Fewlass,lfewlass58@columbia.edu,Female,2611760713,Muarapinang,10/6/2020,false
190,Ali,Bunn,abunn59@cbc.ca,Female,8133321158,Ambanja,7/29/2020,false
191,Elsworth,Cozzi,ecozzi5a@soundcloud.com,Male,9643469379,Jietou,5/9/2020,true
192,Wait,Olyunin,wolyunin5b@creativecommons.org,Male,2725445906,Cumming,10/10/2020,false
193,Robbie,Butters,rbutters5c@xing.com,Male,3319426486,Goba,6/24/2020,true
194,Felipe,Criag,fcriag5d@mediafire.com,Male,4293595694,Azteca,3/27/2020,false
195,Tate,Pursey,tpursey5e@ustream.tv,Male,1417570245,San Miguel,2/23/2020,true
196,Shanta,Bernardon,sbernardon5f@addtoany.com,Female,1507911017,Bogovarovo,2/13/2020,false
197,Helen-elizabeth,Belison,hbelison5g@biglobe.ne.jp,Female,5053868557,Timiryazevskoye,10/26/2019,false
198,Ethel,Balog,ebalog5h@google.de,Female,2275627944,Solna,6/16/2020,false
199,Steward,Brun,sbrun5i@dell.com,Male,2522626248,Mó,2/5/2020,false
200,Carce,Pennigar,cpennigar5j@seesaa.net,Male,5450655290,Novyye Cherëmushki,8/28/2020,true
201,Anita,Pennigar,apennigar5k@exblog.jp,Female,2644341922,Krajan Alasdowo,8/31/2020,false
202,Idaline,Elves,ielves5l@sitemeter.com,Female,4516472279,Villa Castelli,8/18/2020,false
203,Reynard,Campelli,rcampelli5m@is.gd,Male,3701857253,São Domingos do Maranhão,3/27/2020,true
204,Aleta,Bearham,abearham5n@nba.com,Female,4111741541,Nong Ki,10/9/2020,true
205,Saunder,Hirjak,shirjak5o@hp.com,Male,8701210246,Saint-Quentin-en-Yvelines,10/22/2019,false
206,Kane,Windas,kwindas5p@home.pl,Male,7342012963,Barrie,4/21/2020,true
207,Lesley,Siderfin,lsiderfin5q@barnesandnoble.com,Male,1608572277,Noyon,7/21/2020,false
208,Karoline,Orrey,korrey5r@reverbnation.com,Female,6299113502,Alcanhões,6/10/2020,true
209,Nonah,Snowman,nsnowman5s@booking.com,Female,5505474454,Washington,2/20/2020,true
210,Raquel,Muriel,rmuriel5t@booking.com,Female,6291416271,Xiadu,8/17/2020,false
211,Teodor,Hadleigh,thadleigh5u@upenn.edu,Male,3227544636,Entebbe,7/13/2020,false
212,Valma,Decaze,vdecaze5v@over-blog.com,Female,5733466847,Karanganyarkrajan,9/4/2020,false
213,Ruthe,Ffrench,rffrench5w@sourceforge.net,Female,6408593119,Sigaboy,7/18/2020,false
214,Carly,Walcot,cwalcot5x@cbslocal.com,Male,0779745809,Néa Smýrni,4/23/2020,true
215,Meryl,Fancutt,mfancutt5y@comcast.net,Male,5396478381,Gaozhai,1/26/2020,true
216,Vic,Yellowlees,vyellowlees5z@fotki.com,Male,0088276872,Bundoc,4/24/2020,false
217,Marena,Padbery,mpadbery60@phoca.cz,Female,5595458593,Tuopu,2/10/2020,true
218,Romeo,Quinlan,rquinlan61@ezinearticles.com,Male,0696076217,Hulei,4/11/2020,true
219,Garrick,Vasilchikov,gvasilchikov62@statcounter.com,Male,7851394147,Qukou,12/1/2019,true
220,Erminie,Goldsmith,egoldsmith63@noaa.gov,Female,9762676165,Kawanishi,5/12/2020,false
221,Sky,Suddell,ssuddell64@google.com.br,Male,3082000649,Hoeyang,8/28/2020,true
222,Yale,Thome,ythome65@netscape.com,Male,4142318861,Piraí do Sul,5/24/2020,true
223,Dominic,Harman,dharman66@princeton.edu,Male,6910589971,Węgry,5/6/2020,true
224,Lawton,Cunniam,lcunniam67@harvard.edu,Male,5241735194,Francisco Villa,1/20/2020,true
225,Elston,Cornuau,ecornuau68@nydailynews.com,Male,4269010444,Bugcaon,5/6/2020,true
226,Hadlee,Hardy,hhardy69@seattletimes.com,Male,7347213673,Kuty,1/26/2020,true
227,Chester,Pietzner,cpietzner6a@clickbank.net,Male,0040932869,São Manços,11/4/2019,true
228,Janela,Asken,jasken6b@bravesites.com,Female,9070508397,Morbatoh,5/10/2020,true
229,Kacy,Sharvell,ksharvell6c@com.com,Female,4931119778,Pindorama,3/17/2020,true
230,Constancia,Roycroft,croycroft6d@amazon.de,Female,0406650098,Abricots,1/5/2020,true
231,Ermanno,Grimstead,egrimstead6e@pen.io,Male,2997832667,Stanari,2/4/2020,true
232,Nicole,Offener,noffener6f@nature.com,Female,7319230143,Balgatay,4/4/2020,true
233,Gerry,Rupp,grupp6g@mlb.com,Male,8127134775,Silongin,1/9/2020,false
234,Catlin,Foulds,cfoulds6h@imgur.com,Female,3482259585,Nacala,8/12/2020,true
235,Haley,Minot,hminot6i@furl.net,Male,7509754097,Judita,4/12/2020,true
236,Selie,Collum,scollum6j@g.co,Female,7568806472,Maiyema,7/4/2020,true
237,Anny,Olexa,aolexa6k@yahoo.com,Female,0895085623,Ubaté,8/9/2020,false
238,Greg,Reidshaw,greidshaw6l@wix.com,Male,0060910518,San Miguel,9/12/2020,true
239,Rollin,Gallehock,rgallehock6m@harvard.edu,Male,9765276850,Jiangchuan,7/13/2020,false
240,Maisey,Snape,msnape6n@digg.com,Female,2060754763,Sumberagung,4/11/2020,false
241,Bentlee,Gentiry,bgentiry6o@uiuc.edu,Male,0701215062,Prakhon Chai,8/13/2020,true
242,Holt,Brandli,hbrandli6p@washington.edu,Male,8581216250,Kungälv,2/27/2020,false
243,Garnet,Veltmann,gveltmann6q@statcounter.com,Female,0732528070,Kryry,1/31/2020,false
244,Park,Flowith,pflowith6r@drupal.org,Male,0172488257,Barubandung,8/11/2020,true
245,Deloria,Giberd,dgiberd6s@free.fr,Female,7165715886,Paris 01,2/2/2020,false
246,Justen,Nizard,jnizard6t@noaa.gov,Male,4793408095,Gashua,11/11/2019,true
247,Wade,Halgarth,whalgarth6u@bigcartel.com,Male,1989264131,Talnakh,5/17/2020,false
248,Marlene,Meddick,mmeddick6v@virginia.edu,Female,5342448379,Quintela,3/26/2020,false
249,Flin,Baistow,fbaistow6w@census.gov,Male,1604052821,Chalamarca,2/17/2020,false
250,Sanderson,Joddens,sjoddens6x@ucla.edu,Male,5933430706,Ubatã,3/19/2020,false
251,Klara,Souley,ksouley6y@tinypic.com,Female,4434431285,Hatava,3/4/2020,true
252,Fritz,Shute,fshute6z@4shared.com,Male,7565309176,Bayt ‘Adhāqah,1/17/2020,false
253,Paquito,Eickhoff,peickhoff70@friendfeed.com,Male,5451340897,Kimil’tey,11/15/2019,false
254,Paten,Symms,psymms71@livejournal.com,Male,7026669451,Siaton,3/26/2020,false
255,Eilis,Galway,egalway72@mashable.com,Female,5141522628,Shanshi,12/12/2019,false
256,Andres,Blagbrough,ablagbrough73@ted.com,Male,2931537616,Waitun,6/25/2020,true
257,Keriann,Wonter,kwonter74@drupal.org,Female,3333468042,Las Tunas,12/27/2019,false
258,Trey,De Anesy,tdeanesy75@comsenz.com,Male,7713316604,Zhengdonglu,3/26/2020,false
259,Stanleigh,Cogin,scogin76@deliciousdays.com,Male,0354183044,Vawkavysk,8/4/2020,true
260,Carmella,Spurrior,cspurrior77@dropbox.com,Female,8250120795,Salogon,7/9/2020,false
261,Wake,Case,wcase78@vistaprint.com,Male,9918377658,Cerrito,11/29/2019,false
262,Kimmie,Carletto,kcarletto79@tamu.edu,Female,3397496225,Rájec-Jestřebí,10/17/2019,false
263,Odilia,Falkingham,ofalkingham7a@opera.com,Female,8020797807,Kristiansund N,10/15/2019,true
264,Stevie,Aggott,saggott7b@g.co,Male,9721002496,Shidong,3/17/2020,false
265,Osmond,Shaudfurth,oshaudfurth7c@apple.com,Male,9206163833,Tuapse,10/12/2019,false
266,Opalina,Engel,oengel7d@angelfire.com,Female,2929460229,Boyarka,7/14/2020,true
267,Clevey,Else,celse7e@dot.gov,Male,1654330817,Kabuynan,6/24/2020,false
268,Royall,Gavin,rgavin7f@nbcnews.com,Male,0291790895,Sinarwangi,10/27/2019,true
269,Aldridge,Pacey,apacey7g@sitemeter.com,Male,9947098141,Arwād,1/6/2020,true
270,Mathian,Spoure,mspoure7h@yandex.ru,Male,2136430815,Jetis,6/28/2020,false
271,Florance,Winston,fwinston7i@psu.edu,Female,7876970079,Butuan,11/22/2019,true
272,Ginnie,Crawforth,gcrawforth7j@google.com.au,Female,7536377231,Zaplavnoye,10/31/2019,true
273,Hastings,Eringey,heringey7k@archive.org,Male,0561657785,Danyang,1/10/2020,false
274,Vanna,Kernar,vkernar7l@yale.edu,Female,6221282063,Beaufort West,6/16/2020,false
275,Kaitlynn,Reside,kreside7m@businessweek.com,Female,3352239479,Bangkal,1/12/2020,false
276,Allan,Jeanneau,ajeanneau7n@accuweather.com,Male,9645978548,Palma Gil,6/15/2020,false
277,Barbey,Newhouse,bnewhouse7o@issuu.com,Female,9226588309,Linglu,4/17/2020,true
278,Arty,Gruby,agruby7p@vimeo.com,Male,4091827365,Muravlenko,3/4/2020,false
279,Mile,Nuttall,mnuttall7q@arstechnica.com,Male,9658000754,Chmielno,7/4/2020,false
280,Rik,Vogeler,rvogeler7r@bravesites.com,Male,0776926144,Windsor,4/20/2020,true
281,Valenka,Faughey,vfaughey7s@google.com.au,Female,2604545748,Buayan,2/5/2020,false
282,Sarine,Strotone,sstrotone7t@mtv.com,Female,8612649455,Manuel Roxas,6/14/2020,true
283,Deedee,Chidzoy,dchidzoy7u@time.com,Female,5601752788,Thaba Nchu,3/12/2020,true
284,Goober,Reese,greese7v@ebay.com,Male,5581133131,Zhengji,3/10/2020,false
285,Joelie,Drakes,jdrakes7w@npr.org,Female,1172985383,Pizhanka,4/17/2020,true
286,Olenka,Boyce,oboyce7x@macromedia.com,Female,2511443155,Chumen,4/6/2020,true
287,Burt,Mounsie,bmounsie7y@miitbeian.gov.cn,Male,2719819824,Dalu,3/17/2020,true
288,Dalston,Rudham,drudham7z@over-blog.com,Male,2817191927,Valenciennes,3/1/2020,true
289,Isa,Bolstridge,ibolstridge80@a8.net,Female,4305629240,Plavsk,10/9/2020,false
290,Rey,Withur,rwithur81@seesaa.net,Male,3613109867,Göteborg,3/22/2020,false
291,Linea,Camier,lcamier82@sogou.com,Female,3108582925,Nato,3/7/2020,true
292,Michelle,Blaxton,mblaxton83@infoseek.co.jp,Female,4712693452,Montepuez,2/4/2020,false
293,Inger,Moral,imoral84@ed.gov,Male,0926283812,Yermish’,11/21/2019,false
294,Vonnie,Rentoul,vrentoul85@cloudflare.com,Female,1950072916,Subaykhān,5/2/2020,false
295,Letti,Riccardo,lriccardo86@youtube.com,Female,5653497177,Siliana,6/18/2020,true
296,Stavro,Leeming,sleeming87@ustream.tv,Male,7798517952,Kyaiklat,2/6/2020,true
297,Dolorita,Klageman,dklageman88@lulu.com,Female,1777182891,Xiaoweizhai,5/17/2020,false
298,Obediah,Crannell,ocrannell89@sciencedirect.com,Male,3375669259,Lazdijai,11/1/2019,true
299,Lottie,Aubray,laubray8a@histats.com,Female,4024281550,Taunoa,5/4/2020,true
300,Mariya,Tabord,mtabord8b@icio.us,Female,8874064764,Independencia,12/13/2019,true
301,Denys,Liveley,dliveley8c@npr.org,Female,0835688909,Pokrovskoye,11/26/2019,true
302,Rickie,Winser,rwinser8d@ocn.ne.jp,Female,1798308169,Fundación,12/30/2019,true
303,Neille,Merrifield,nmerrifield8e@ucoz.com,Female,8572120920,Placer,1/12/2020,false
304,Ros,Van Saltsberg,rvansaltsberg8f@purevolume.com,Female,3040436597,Shuitianzhuang,7/28/2020,false
305,Trudy,Sunman,tsunman8g@skyrock.com,Female,0789645114,Kolpny,2/7/2020,false
306,Andreas,Spirit,aspirit8h@cafepress.com,Male,6874410385,Gostilitsy,2/1/2020,true
307,Flint,Linfield,flinfield8i@newyorker.com,Male,3495377611,Quinta da Queimada,5/12/2020,true
308,Shirleen,McCurtin,smccurtin8j@fotki.com,Female,1068263873,Panjakent,9/30/2020,true
309,Rycca,Jura,rjura8k@1688.com,Female,7593250482,Tumxuk,11/9/2019,false
310,Korney,Fallis,kfallis8l@alibaba.com,Female,0735149925,Tupaciguara,3/8/2020,false
311,Rudiger,Doul,rdoul8m@alexa.com,Male,3924778523,Pongol,9/6/2020,false
312,Colet,Huzzey,chuzzey8n@ihg.com,Male,1621594025,Envigado,10/28/2019,true
313,Agnes,Tootal,atootal8o@ucla.edu,Female,8288002293,Baoshui,12/14/2019,true
314,Alfie,Tomney,atomney8p@lulu.com,Female,0727551698,Majengo,3/9/2020,false
315,Kathi,Voss,kvoss8q@answers.com,Female,7082128606,Mucurapo,12/31/2019,true
316,Raye,Fettis,rfettis8r@spiegel.de,Female,3659725684,Simpang,9/18/2020,false
317,Corri,Boole,cboole8s@goo.gl,Female,4165402869,Potiskum,5/30/2020,false
318,Tamiko,Vatini,tvatini8t@dedecms.com,Female,0992546044,Ivano-Frankove,6/16/2020,true
319,Kippy,Sawood,ksawood8u@shop-pro.jp,Female,2399554159,Ciudad Tecún Umán,3/18/2020,false
320,Gordan,Whitrod,gwhitrod8v@patch.com,Male,5793993584,Limbe,11/25/2019,false
321,Kerr,Donne,kdonne8w@alibaba.com,Male,5838534389,Dengzishan,5/7/2020,false
322,Lorry,Stanluck,lstanluck8x@reference.com,Male,8527706598,Tosno,5/8/2020,true
323,Dominik,Botton,dbotton8y@liveinternet.ru,Male,3541654406,Yimnón,9/19/2020,false
324,Benni,Larkings,blarkings8z@google.com.hk,Female,7805828083,Kíti,11/1/2019,true
325,Derby,Baccas,dbaccas90@dell.com,Male,9981896489,Rondonópolis,12/28/2019,true
326,Alfred,Croysdale,acroysdale91@google.nl,Male,2104342783,Zhulan,6/8/2020,false
327,Emmy,Mellmer,emellmer92@dailymotion.com,Male,9576791049,Suzano,6/22/2020,false
328,Gena,Shoppee,gshoppee93@constantcontact.com,Female,1700738208,Kafr Şaqr,3/18/2020,true
329,Jone,O'Fallowne,jofallowne94@technorati.com,Male,1386523992,Saint Louis,9/25/2020,false
330,Consuelo,Vogel,cvogel95@nifty.com,Female,7704815199,Tianfu,7/19/2020,false
331,Shaine,Sherburn,ssherburn96@infoseek.co.jp,Female,7174249957,Tojeira,8/16/2020,true
332,Pate,Sergeaunt,psergeaunt97@weebly.com,Male,7483751193,Novohrad-Volyns’kyy,12/24/2019,true
333,Emmalyn,Giocannoni,egiocannoni98@wikimedia.org,Female,5203264155,Tanggung,7/21/2020,true
334,Reiko,Gonning,rgonning99@jalbum.net,Female,3231556597,Ebaye,3/2/2020,true
335,Minni,Gouthier,mgouthier9a@csmonitor.com,Female,8474440793,Kletek,12/19/2019,false
336,Orion,McDermid,omcdermid9b@tripadvisor.com,Male,2721113232,Mistrató,3/31/2020,true
337,Brant,True,btrue9c@naver.com,Male,9958259842,Santa Cruz,9/17/2020,false
338,Ruggiero,Dickings,rdickings9d@barnesandnoble.com,Male,0433020288,Ribeira Grande,3/17/2020,false
339,Koral,Pittman,kpittman9e@google.com.hk,Female,1733148604,Iţsā,9/20/2020,false
340,Frannie,Blumsom,fblumsom9f@seesaa.net,Male,9070461021,Kohtla-Järve,6/27/2020,true
341,Darby,Warret,dwarret9g@exblog.jp,Female,4207940685,Morropón,7/17/2020,false
342,Terry,Belli,tbelli9h@columbia.edu,Male,4848266297,Chaiyo,7/6/2020,true
343,Eyde,Scedall,escedall9i@slideshare.net,Female,5332696434,Zuocun,9/5/2020,true
344,Henry,Turfes,hturfes9j@github.io,Male,7432300704,Qaryat al Qābil,5/20/2020,true
345,Zelig,McKune,zmckune9k@arstechnica.com,Male,6389468857,Chengxi,3/28/2020,false
346,Vern,Sawforde,vsawforde9l@multiply.com,Male,6565804117,Gąbin,1/6/2020,false
347,Angelle,Vassman,avassman9m@webs.com,Female,4677218676,Sakharovo,7/7/2020,true
348,Wallache,Charteris,wcharteris9n@scientificamerican.com,Male,2845024290,Quebrada Larga,8/24/2020,false
349,Louie,Blasetti,lblasetti9o@soundcloud.com,Male,7491641806,Runjin,6/2/2020,false
350,Eldin,Sudworth,esudworth9p@skype.com,Male,9662481141,Jastrzębia Góra,9/27/2020,false
351,Terrye,Dawson,tdawson9q@msn.com,Female,9251375038,Zhaixi,12/8/2019,false
352,Carina,Chazette,cchazette9r@home.pl,Female,0348780052,Töysä,12/11/2019,true
353,Danny,McMorland,dmcmorland9s@simplemachines.org,Female,9593927239,Sekararum,5/4/2020,true
354,Holt,Belloch,hbelloch9t@columbia.edu,Male,5260572416,Timiryazevo,6/18/2020,true
355,Brit,Bartalini,bbartalini9u@tmall.com,Female,0613809157,Ruda Śląska,7/30/2020,true
356,Alice,Castellanos,acastellanos9v@samsung.com,Female,8348253149,Takanini,4/12/2020,false
357,Lorant,Ferruzzi,lferruzzi9w@google.co.jp,Male,2703508182,Qinghe,10/13/2019,true
358,Smitty,Dillway,sdillway9x@noaa.gov,Male,7587145400,Baitang,5/13/2020,false
359,Ennis,Besnardeau,ebesnardeau9y@gizmodo.com,Male,1780640234,Kota Bharu,8/21/2020,true
360,Corrianne,Feilden,cfeilden9z@columbia.edu,Female,3822594040,Rudka,3/8/2020,true
361,Blinnie,Garey,bgareya0@typepad.com,Female,9808155081,Chavárion,11/24/2019,true
362,Cornell,Strand,cstranda1@apple.com,Male,8948113224,Kalate,2/3/2020,false
363,Beitris,Lancastle,blancastlea2@opera.com,Female,9018930849,Mojorembun,1/12/2020,true
364,Johanna,Littley,jlittleya3@nationalgeographic.com,Female,6127341493,Mlangali,12/26/2019,true
365,Anna,Borrell,aborrella4@fastcompany.com,Female,6447800901,Erdaohe,5/9/2020,true
366,Jeanette,Comolli,jcomollia5@comsenz.com,Female,7594837789,Velká nad Veličkou,7/10/2020,true
367,Ogdon,Doerffer,odoerffera6@goo.ne.jp,Male,4973356557,San Fernando,6/18/2020,true
368,Lurlene,Trass,ltrassa7@cocolog-nifty.com,Female,6809809368,Juncalito Abajo,1/7/2020,false
369,Hedy,Simister,hsimistera8@deliciousdays.com,Female,5397996068,Sviblovo,11/6/2019,true
370,Gretta,Ozelton,gozeltona9@blog.com,Female,6243315940,Alvega,4/6/2020,false
371,Georgianne,Pittham,gpitthamaa@ycombinator.com,Female,5862507604,Cariaco,4/1/2020,false
372,Arlina,Piccard,apiccardab@netvibes.com,Female,4095021829,Ikšķile,6/5/2020,false
373,Jenni,Gilvear,jgilvearac@is.gd,Female,4890633502,Amio,9/24/2020,true
374,Rutter,Woolatt,rwoolattad@com.com,Male,9803439251,Xiamayu,6/2/2020,true
375,Annice,Durnin,adurninae@mysql.com,Female,3398048617,Chipinge,7/5/2020,true
376,Devonne,Linscott,dlinscottaf@disqus.com,Female,2023253721,Yāsūf,8/1/2020,true
377,Padraic,Woodroff,pwoodroffag@w3.org,Male,2752858590,Bhopālwāla,9/20/2020,false
378,Alfy,Barthropp,abarthroppah@ning.com,Female,2152484525,Thị Trấn Vạn Hà,4/11/2020,false
379,Matilde,Sheardown,msheardownai@salon.com,Female,8286698010,Benito Juarez,7/2/2020,true
380,Brett,Chishull,bchishullaj@bing.com,Female,1026297362,Mainang,4/8/2020,false
381,Buck,Simonutti,bsimonuttiak@dot.gov,Male,1458493024,Villa Altagracia,6/13/2020,false
382,Wood,Ballentime,wballentimeal@moonfruit.com,Male,9925324211,Jiangyin,5/17/2020,false
383,Danit,Pavitt,dpavittam@cnet.com,Female,8012680661,Ghāt,6/21/2020,true
384,Milton,Van Weedenburg,mvanweedenburgan@home.pl,Male,3335963636,Ipueiras,7/24/2020,true
385,Barthel,Janca,bjancaao@state.gov,Male,7845439681,Kansas City,12/28/2019,true
386,Pierette,Adhams,padhamsap@mayoclinic.com,Female,8883692780,Tugu,5/8/2020,false
387,Marni,Bavister,mbavisteraq@china.com.cn,Female,8633095424,Sarany,2/8/2020,false
388,Cam,Sills,csillsar@china.com.cn,Male,6253720511,Berea,6/18/2020,true
389,Harry,Hawlgarth,hhawlgarthas@bbb.org,Male,4625658578,Návsí u Jablunkova,12/28/2019,true
390,Kimberlee,Latore,klatoreat@trellian.com,Female,3010388659,Junglinster,2/11/2020,false
391,Lezley,Izod,lizodau@myspace.com,Male,7890118937,Töreboda,3/6/2020,true
392,Melli,Clemmitt,mclemmittav@xrea.com,Female,0331689243,Agua Fría,1/19/2020,true
393,Boone,Norheny,bnorhenyaw@xing.com,Male,3153160856,Malvinas Argentinas,7/13/2020,true
394,Carine,Barthorpe,cbarthorpeax@free.fr,Female,9832118182,Inhambane,12/8/2019,false
395,Carlie,Saggs,csaggsay@house.gov,Male,8228971222,Nowa Sól,3/6/2020,false
396,Ilsa,Cheverton,ichevertonaz@ftc.gov,Female,5943456783,Razan,11/18/2019,true
397,Chantal,Lodovichi,clodovichib0@myspace.com,Female,4111417175,Inari,12/4/2019,true
398,Hamlin,Christescu,hchristescub1@wisc.edu,Male,0706434811,Carayaó,2/22/2020,false
399,Laure,Crosham,lcroshamb2@imgur.com,Female,6551875696,Sibiti,7/17/2020,true
400,Gaston,Stoyle,gstoyleb3@forbes.com,Male,5200469090,Shaffa,11/22/2019,true
401,Francklin,Slimme,fslimmeb4@posterous.com,Male,3256514006,Litein,12/8/2019,false
402,Karlee,Rudman,krudmanb5@dropbox.com,Female,5450485832,Cidima,5/9/2020,false
403,Aguistin,Turtle,aturtleb6@simplemachines.org,Male,9129497124,Ashikaga,11/24/2019,false
404,Pryce,Rudloff,prudloffb7@issuu.com,Male,0467804710,Pondokaso,5/31/2020,false
405,Clyve,Savins,csavinsb8@unc.edu,Male,7300597033,Oslo,4/12/2020,false
406,Huey,Mawson,hmawsonb9@usnews.com,Male,6949262590,Wulong,7/23/2020,true
407,Xylina,Rushmere,xrushmereba@jimdo.com,Female,8956842191,Ying’ebu,8/24/2020,true
408,Shaughn,Conquer,sconquerbb@hhs.gov,Male,5122003645,Cisitu,7/26/2020,true
409,Davidson,McVitie,dmcvitiebc@netvibes.com,Male,9340230531,Pinheiro Machado,12/23/2019,false
410,Stanleigh,Huntress,shuntressbd@cnbc.com,Male,7287101351,Três Pontas,10/5/2020,true
411,Reg,Bilsford,rbilsfordbe@miibeian.gov.cn,Male,8192549992,Sanjian,2/11/2020,true
412,Merv,Fullalove,mfullalovebf@unesco.org,Male,5258737012,Nanjie,12/12/2019,true
413,Madelyn,Groucock,mgroucockbg@smugmug.com,Female,2550112571,Dailekh,11/4/2019,false
414,Fritz,Landeaux,flandeauxbh@pcworld.com,Male,5053847525,Kalabahi,2/9/2020,true
415,Nickolas,Dyet,ndyetbi@liveinternet.ru,Male,1265664668,Itaqui,10/12/2019,true
416,Valaree,Baumann,vbaumannbj@purevolume.com,Female,2079717898,San Julian,2/19/2020,true
417,Rochester,Fredy,rfredybk@forbes.com,Male,7337522533,Al Bayḑā’,11/6/2019,true
418,Urbano,Twittey,utwitteybl@comsenz.com,Male,0010349316,Chengzi,5/4/2020,false
419,Mikey,Esche,meschebm@friendfeed.com,Male,8064407990,Chiţcani,8/12/2020,true
420,Zabrina,Grinsdale,zgrinsdalebn@thetimes.co.uk,Female,0754830810,Binulasan,6/15/2020,true
421,Katey,McGraith,kmcgraithbo@yellowbook.com,Female,4894545543,Dolores,12/8/2019,true
422,Rodrique,Witterick,rwitterickbp@dailymail.co.uk,Male,0881812862,Aveleda,8/11/2020,false
423,Cello,Blackway,cblackwaybq@opensource.org,Male,3475912759,Naas,3/22/2020,true
424,Amalee,Napier,anapierbr@nytimes.com,Female,1471704424,Presidente Epitácio,6/3/2020,false
425,Nicole,Sixsmith,nsixsmithbs@deviantart.com,Female,5964473172,Jiaotang,2/24/2020,true
426,Margaretha,McGonnell,mmcgonnellbt@twitpic.com,Female,2464400122,Jonquière,2/6/2020,true
427,Willabella,McIlhatton,wmcilhattonbu@miibeian.gov.cn,Female,9502796268,Zambujeira do Mar,9/13/2020,false
428,Gris,Gimblet,ggimbletbv@prweb.com,Male,9660243855,Gaoshi,4/4/2020,true
429,Sibeal,Perel,sperelbw@state.gov,Female,4525069465,Pawa,10/22/2019,false
430,Dane,Mill,dmillbx@amazon.de,Male,1233874748,Quangang,7/26/2020,true
431,Parnell,Katz,pkatzby@comsenz.com,Male,1859654010,Mūḩ Ḩasan,1/30/2020,true
432,Leila,Raywood,lraywoodbz@addthis.com,Female,9733714275,Baikui,9/5/2020,false
433,Derron,MacCartney,dmaccartneyc0@cdc.gov,Male,0518802558,Owen Sound,1/2/2020,true
434,Arne,Czyz,aczyzc1@dailymotion.com,Male,2163876330,Ostrogozhsk,7/5/2020,false
435,Mireielle,Capelow,mcapelowc2@vimeo.com,Female,0428953573,Bokat,3/21/2020,false
436,Bentley,Quarless,bquarlessc3@domainmarket.com,Male,3957621909,Sendangkemulian,6/5/2020,true
437,Duncan,Portlock,dportlockc4@weibo.com,Male,3367493317,Garden Grove,12/24/2019,true
438,Sylvan,Espine,sespinec5@github.io,Male,0108333582,Terra Chã,7/20/2020,false
439,Nollie,Milillo,nmililloc6@yale.edu,Female,6689665143,Haixing,11/13/2019,true
440,Dominic,Durnford,ddurnfordc7@senate.gov,Male,5655078155,La Ceja,1/17/2020,true
441,Christy,Mallett,cmallettc8@scribd.com,Male,6778369671,Nova Iguaçu,10/26/2019,true
442,Jeanie,Whitehurst,jwhitehurstc9@typepad.com,Female,1335436294,Sangba,2/4/2020,false
443,Wilburt,Dottrell,wdottrellca@aboutads.info,Male,9521014644,Castedo,5/19/2020,false
444,Hewitt,Seccombe,hseccombecb@jalbum.net,Male,9439398043,Nacimiento,12/30/2019,true
445,Jacklyn,Yankov,jyankovcc@multiply.com,Female,2771696290,Nusajaya,10/6/2020,true
446,Shaine,Jays,sjayscd@umn.edu,Male,2163555259,Kongjiafang,10/8/2020,false
447,Matthaeus,Cantillon,mcantillonce@mayoclinic.com,Male,2813256560,Gaoping,6/26/2020,false
448,Emilio,Sheriff,esheriffcf@scientificamerican.com,Male,5354926653,Barcelona,10/27/2019,false
449,Francesca,McKinnell,fmckinnellcg@google.de,Female,8761440914,Birmingham,10/4/2020,false
450,Gerianne,Dyerson,gdyersonch@chronoengine.com,Female,4532573890,Urrao,4/25/2020,true
451,Foster,Hackford,fhackfordci@illinois.edu,Male,0784131406,Rivera,5/10/2020,false
452,Korrie,Lissenden,klissendencj@moonfruit.com,Female,5667050382,Kuching,4/8/2020,false
453,Freddy,Newell,fnewellck@si.edu,Male,6991946648,Changshou,2/19/2020,true
454,Lorrie,Luckes,lluckescl@yandex.ru,Male,9152836967,Zelmeņi,11/8/2019,true
455,Karin,Pauncefoot,kpauncefootcm@youtube.com,Female,6091745514,Vilufushi,12/9/2019,true
456,Garreth,Wonham,gwonhamcn@mac.com,Male,6619971253,Uurainen,7/3/2020,true
457,Rees,Aves,ravesco@prlog.org,Male,3009966830,Străşeni,2/17/2020,true
458,Paulie,Mabbs,pmabbscp@intel.com,Male,3089156911,Qarah Bāgh Bāzār,8/23/2020,true
459,Addy,Kemmet,akemmetcq@goo.gl,Male,8867482572,Porsgrunn,2/6/2020,true
460,Ted,Harmer,tharmercr@goo.ne.jp,Female,4686507987,Ambulong,7/17/2020,false
461,Consuela,Dove,cdovecs@ibm.com,Female,5539192036,Kladanj,2/11/2020,false
462,Madeleine,Sanper,msanperct@tumblr.com,Female,2068240300,Njurunda,7/31/2020,true
463,Kenna,Venney,kvenneycu@tinypic.com,Female,2020444216,Palca,1/15/2020,false
464,Jerald,Schulter,jschultercv@squarespace.com,Male,4998752014,Lycksele,10/6/2020,true
465,Lottie,Urry,lurrycw@seesaa.net,Female,1637082940,Bené Beraq,2/25/2020,false
466,Myrna,Haycock,mhaycockcx@wikispaces.com,Female,4780283574,Serang,12/12/2019,true
467,Archibaldo,Divill,adivillcy@gmpg.org,Male,9937881544,Fanrong,6/3/2020,false
468,Herold,Bolliver,hbollivercz@mozilla.com,Male,8621756579,Pamplona/Iruña,8/20/2020,true
469,Desiri,Jachimak,djachimakd0@scientificamerican.com,Female,3149748801,Saint John,6/3/2020,false
470,Jeffry,Dodell,jdodelld1@java.com,Male,2688719319,Xiangquan,1/9/2020,false
471,Dorelia,Morby,dmorbyd2@paypal.com,Female,2731355239,Bulawin,8/20/2020,false
472,Tibold,Garm,tgarmd3@devhub.com,Male,1704108519,Montilla,8/26/2020,true
473,Saxon,Tidbold,stidboldd4@hugedomains.com,Male,9894483046,Bujanovac,2/24/2020,false
474,Raynard,Loker,rlokerd5@wikipedia.org,Male,0194793729,Xinghua,8/3/2020,false
475,Felike,Burness,fburnessd6@cornell.edu,Male,2327148626,Thủ Thừa,12/1/2019,false
476,Bruis,Wookey,bwookeyd7@who.int,Male,7412665685,Jembangan,2/25/2020,true
477,Kaine,Wathey,kwatheyd8@netvibes.com,Male,1862047391,Pingpu,2/7/2020,true
478,Roz,Greensall,rgreensalld9@boston.com,Female,0042580161,Hejiang,9/8/2020,false
479,Casey,Winckles,cwincklesda@list-manage.com,Female,4104762369,Los Angeles,12/13/2019,false
480,Wayland,Budgen,wbudgendb@sakura.ne.jp,Male,8853903864,Kosów Lacki,5/9/2020,true
481,Veradis,MacParlan,vmacparlandc@moonfruit.com,Female,1966611625,Cartagena,4/18/2020,true
482,Dominique,Jowers,djowersdd@slideshare.net,Male,2701240263,Pilníkov,10/12/2019,true
483,Kiley,Alldis,kalldisde@mozilla.com,Male,9497207646,Špišić-Bukovica,11/30/2019,true
484,Maje,Shoebrook,mshoebrookdf@cargocollective.com,Male,2426380519,Nāḩiyat as Sab‘ Biyār,12/23/2019,false
485,Juan,Swabey,jswabeydg@list-manage.com,Male,4356828984,Luobuqiongzi,5/19/2020,false
486,Leo,Jewks,ljewksdh@constantcontact.com,Male,0355089793,Jezzîne,2/14/2020,true
487,Ivonne,Laval,ilavaldi@washington.edu,Female,6971018621,Tuba,3/13/2020,true
488,Somerset,Eastridge,seastridgedj@blinklist.com,Male,0025762311,Gojō,5/21/2020,true
489,Elana,Girardi,egirardidk@joomla.org,Female,5249800807,Repatriación,1/31/2020,true
490,Kimbra,Girogetti,kgirogettidl@census.gov,Female,8711274662,Vostochnyy,4/16/2020,false
491,Anna-maria,Malkin,amalkindm@drupal.org,Female,2138096971,Hangji,8/15/2020,false
492,Eden,Bagger,ebaggerdn@rambler.ru,Female,4589157179,Belozërskoye,9/16/2020,false
493,Cherianne,Resdale,cresdaledo@fema.gov,Female,6742814128,Lakota,2/23/2020,false
494,Evelina,Cayette,ecayettedp@sciencedaily.com,Female,7651022947,Lālmohan,8/31/2020,false
495,Spencer,Ragbourn,sragbourndq@biglobe.ne.jp,Male,3885059509,Mounlapamôk,1/4/2020,true
496,Siffre,Joust,sjoustdr@samsung.com,Male,7942873706,Fangshan,5/27/2020,false
497,Kennith,Abramovitz,kabramovitzds@bigcartel.com,Male,5867352811,Fier,10/30/2019,false
498,Lurlene,Bidnall,lbidnalldt@livejournal.com,Female,5699019197,El Calvario,10/27/2019,true
499,Angela,Gilpin,agilpindu@sakura.ne.jp,Female,9718717536,Baytā al Fawqā,9/21/2020,true
500,Crystal,Forte,cfortedv@npr.org,Female,6867399681,Białogard,7/15/2020,true
501,Carmencita,Samsonsen,csamsonsendw@de.vu,Female,4250175693,Vanimo,4/2/2020,true
502,Luciano,Udell,ludelldx@abc.net.au,Male,2268010902,Hallstahammar,7/27/2020,true
503,Noby,Polkinhorn,npolkinhorndy@flickr.com,Male,9897279709,Nanger,11/9/2019,false
504,Doreen,Boules,dboulesdz@intel.com,Female,9207191040,Uruçuca,10/11/2020,false
505,Terrie,Tattersdill,ttattersdille0@csmonitor.com,Female,4844188623,Saukkola,1/7/2020,false
506,Pall,Fancutt,pfancutte1@skyrock.com,Male,6564549903,Nailung,2/1/2020,false
507,Cindi,Trodler,ctrodlere2@comcast.net,Female,8820198649,Imeni Zhelyabova,9/8/2020,true
508,Merla,Simak,msimake3@angelfire.com,Female,9315102541,Yagoua,6/14/2020,false
509,Carry,Layson,claysone4@github.com,Female,8171273629,Trinaterra,10/30/2019,true
510,Torey,Cussen,tcussene5@youtube.com,Male,1476876878,Novominskaya,3/22/2020,true
511,Tonya,Beardwell,tbeardwelle6@github.com,Female,3616656788,Pulong Sampalok,12/21/2019,true
512,Pasquale,Westoff,pwestoffe7@java.com,Male,9628837567,Bryansk,7/2/2020,false
513,Katusha,Sotham,ksothame8@ezinearticles.com,Female,8749826069,Wanareja,5/11/2020,true
514,Mackenzie,Longrigg,mlongrigge9@unblog.fr,Male,6654365844,Yazykovo,8/26/2020,false
515,Rayner,Treagust,rtreagustea@spotify.com,Male,5121985320,Esmoriz,10/21/2019,true
516,Michail,Lacroux,mlacrouxeb@t.co,Male,9780779647,Sakura,8/25/2020,false
517,Bethina,Dare,bdareec@storify.com,Female,1477986715,Ārt Khwājah,5/25/2020,true
518,Nicol,Shanley,nshanleyed@whitehouse.gov,Female,0827796307,Azacualpa,9/16/2020,true
519,Maryanne,Richen,mrichenee@delicious.com,Female,1001875575,Xilai,12/24/2019,true
520,Adolpho,Gatlin,agatlinef@wp.com,Male,2221165365,Bell Ville,4/16/2020,false
521,Selle,Giacoppo,sgiacoppoeg@51.la,Female,8694289768,Seget,5/30/2020,false
522,Mandy,Morritt,mmorritteh@springer.com,Female,3383567982,Pocito,2/23/2020,true
523,Tomkin,Isles,tislesei@vimeo.com,Male,2610096771,Gjinoc,6/7/2020,true
524,Rosa,Cottu,rcottuej@engadget.com,Female,0873294564,Oroqen Zizhiqi,7/14/2020,true
525,Friederike,Walesa,fwalesaek@freewebs.com,Female,1609760794,Sila,12/4/2019,false
526,Karlan,Le Bosse,klebosseel@smh.com.au,Male,9500489589,Weiting,6/22/2020,false
527,Sibby,Franken,sfrankenem@jiathis.com,Female,2184326240,Rawang,8/8/2020,true
528,Milissent,Plowright,mplowrighten@technorati.com,Female,6576565712,Clondalkin,11/28/2019,true
529,Antonin,Carmel,acarmeleo@fema.gov,Male,7383227522,Umuarama,3/9/2020,false
530,Tallie,Waiting,twaitingep@php.net,Female,9626441275,Tigpalay,7/18/2020,true
531,Gerrie,Caghy,gcaghyeq@dyndns.org,Male,6436857346,Hongxi,3/13/2020,false
532,Linnie,Castagnet,lcastagneter@hao123.com,Female,7973159940,Sanbaishan,2/26/2020,true
533,Jarrod,Lafayette,jlafayettees@1und1.de,Male,7059979158,Kudinovo,6/9/2020,true
534,Maybelle,Buy,mbuyet@tamu.edu,Female,0260921297,Mabu,10/8/2020,false
535,Bondon,Antos,bantoseu@imdb.com,Male,0123612365,Calarcá,3/28/2020,false
536,Teodorico,Roffey,troffeyev@blog.com,Male,7209305475,Oujiangcha,2/17/2020,false
537,Hobey,Reedyhough,hreedyhoughew@baidu.com,Male,0325107319,Syevyerodonets’k,2/1/2020,false
538,Ilario,Trimbey,itrimbeyex@twitter.com,Male,0124171117,Saint-Louis du Nord,8/11/2020,false
539,Katharyn,Scading,kscadingey@prweb.com,Female,8116531069,Julita,9/6/2020,true
540,Paco,Altoft,paltoftez@phoca.cz,Male,7496688371,Panenggoede,4/13/2020,false
541,Kalindi,Trownson,ktrownsonf0@ustream.tv,Female,8175876719,Yuelai,1/15/2020,false
542,Iormina,Bedwell,ibedwellf1@telegraph.co.uk,Female,5231887854,Shuangxi,6/20/2020,true
543,Cesaro,Jedrasik,cjedrasikf2@mysql.com,Male,5078582304,Bacnar,12/26/2019,false
544,Hercule,Penhaligon,hpenhaligonf3@va.gov,Male,4136867115,Medvedovskaya,10/8/2020,false
545,Bernadene,Durrand,bdurrandf4@nytimes.com,Female,9701561937,Ndwedwe,12/15/2019,true
546,Hewet,Lusher,hlusherf5@photobucket.com,Male,2253961027,Miaoqian,11/15/2019,false
547,Clari,Simms,csimmsf6@flickr.com,Female,5397644439,Tsuruga,2/4/2020,true
548,Astrix,Twidle,atwidlef7@baidu.com,Female,1103005316,Mercedes,4/25/2020,true
549,Hector,Kinworthy,hkinworthyf8@geocities.jp,Male,8438946003,Si Racha,3/7/2020,false
550,Kaspar,Walter,kwalterf9@over-blog.com,Male,0807626651,Villa del Carmen,7/19/2020,true
551,Natka,Corssen,ncorssenfa@hibu.com,Female,2291305972,Azogues,7/8/2020,true
552,Bess,Askham,baskhamfb@ihg.com,Female,8522639361,Shuangtang,3/24/2020,true
553,Yul,Minghella,yminghellafc@dion.ne.jp,Male,5660660819,Guanli,11/30/2019,true
554,Mareah,Catterson,mcattersonfd@gizmodo.com,Female,3319033662,Manadhoo,9/2/2020,true
555,Gage,Flintuff,gflintufffe@mediafire.com,Male,3685054619,Shaft,9/1/2020,true
556,Lennie,Smurfitt,lsmurfittff@friendfeed.com,Male,2812898984,Shisui,2/17/2020,true
557,Vito,Winfield,vwinfieldfg@ebay.co.uk,Male,1638292329,Lianga,7/26/2020,true
558,Tiffy,Kalker,tkalkerfh@twitpic.com,Female,2792464410,Cagnes-sur-Mer,3/29/2020,true
559,Eveleen,Noddles,enoddlesfi@icio.us,Female,4117041940,Mpulungu,3/15/2020,true
560,Bernie,Shah,bshahfj@stumbleupon.com,Male,6295369405,Sobral da Abelheira,9/10/2020,false
561,Genevra,Cornfield,gcornfieldfk@virginia.edu,Female,9654177099,Oras,4/15/2020,true
562,Godard,Nani,gnanifl@deviantart.com,Male,7646141275,Tongyangdao,1/15/2020,true
563,Jammie,Raithbie,jraithbiefm@gizmodo.com,Female,7270537623,Nariño,10/23/2019,true
564,Shirlee,Dayton,sdaytonfn@jimdo.com,Female,0726967157,Mueang Nonthaburi,10/15/2019,false
565,Waylin,Martinetto,wmartinettofo@cam.ac.uk,Male,2082932273,Fenghua,9/12/2020,true
566,Kamilah,Rosettini,krosettinifp@tinyurl.com,Female,0502885971,Yashikera,9/30/2020,true
567,Remus,Phair,rphairfq@surveymonkey.com,Male,4460129566,Xuxiake,6/30/2020,false
568,Ramona,Wrightem,rwrightemfr@google.pl,Female,1944042733,Havířov,3/16/2020,false
569,Marsh,Yandell,myandellfs@hexun.com,Male,7367176617,Jiachuan,3/2/2020,true
570,Randy,Cockshoot,rcockshootft@mediafire.com,Male,7681890076,Silao,11/27/2019,false
571,Cassaundra,Vickarman,cvickarmanfu@microsoft.com,Female,8055324182,Ambulong,12/27/2019,false
572,Elnar,Duffill,eduffillfv@sciencedaily.com,Male,3588268057,Murmino,6/24/2020,false
573,Ralf,Pashler,rpashlerfw@cyberchimps.com,Male,2319543104,Yaozhuang,12/6/2019,false
574,Penn,Mathouse,pmathousefx@mozilla.org,Male,6112318962,Veselí nad Lužnicí,2/13/2020,false
575,Sheffield,Cromblehome,scromblehomefy@blinklist.com,Male,6312582345,Oslo,9/5/2020,true
576,Francene,Giannotti,fgiannottifz@trellian.com,Female,5225333087,Bayt ‘Awwā,11/13/2019,true
577,Russell,Bounds,rboundsg0@google.pl,Male,0998765082,San Francisco Zapotitlán,9/12/2020,true
578,Dwight,Mingame,dmingameg1@paypal.com,Male,2276660643,Oula Xiuma,6/1/2020,false
579,Ronnie,McConnulty,rmcconnultyg2@tinypic.com,Female,4092918992,Yangzhuang,10/3/2020,true
580,Jasmin,Leguey,jlegueyg3@auda.org.au,Female,0378414577,Valle de Ángeles,5/4/2020,true
581,Josey,Caspell,jcaspellg4@naver.com,Female,2933128098,Limboto,12/17/2019,false
582,Yancey,Fortey,yforteyg5@homestead.com,Male,9305553818,Fengjia,9/4/2020,false
583,Aprilette,Conerding,aconerdingg6@trellian.com,Female,0093797745,Repki,8/16/2020,true
584,Sella,Le Franc,slefrancg7@nhs.uk,Female,0853609748,Centralniy,10/3/2020,true
585,Karolina,Gilliam,kgilliamg8@youtu.be,Female,9276243178,Xixiang,7/23/2020,true
586,Alia,Vaan,avaang9@patch.com,Female,4573567720,Iperó,1/9/2020,true
587,Darb,Doggerell,ddoggerellga@jimdo.com,Female,6039121009,Talospatang,1/9/2020,false
588,Philip,Keave,pkeavegb@seattletimes.com,Male,7802650038,Cocieri,6/28/2020,true
589,Hamel,Crookston,hcrookstongc@tripadvisor.com,Male,1664181512,Schiedam postbusnummers,6/27/2020,false
590,Wait,Gornall,wgornallgd@mapquest.com,Male,8783711392,Jialai,11/12/2019,true
591,Bunni,Cavozzi,bcavozzige@printfriendly.com,Female,2630937461,Losino-Petrovskiy,4/6/2020,true
592,Simeon,Grimley,sgrimleygf@reverbnation.com,Male,6128731961,Viekšniai,1/7/2020,false
593,Trevar,Fieller,tfiellergg@desdev.cn,Male,6404776901,Crossfield,8/22/2020,false
594,Leoine,James,ljamesgh@xinhuanet.com,Female,5345143552,Yuannan,10/24/2019,true
595,Stefa,Webb,swebbgi@networkadvertising.org,Female,0360777783,Shiroi,1/10/2020,true
596,Giuditta,Fanshaw,gfanshawgj@ameblo.jp,Female,2577556470,Cinyawar,7/8/2020,false
597,Sibley,Hasselby,shasselbygk@jalbum.net,Female,7789692631,Tangcun,12/13/2019,true
598,Mignonne,Simonelli,msimonelligl@gravatar.com,Female,6782229692,Bogorodsk,5/7/2020,false
599,Elle,Falla,efallagm@walmart.com,Female,1747720410,Nangkasari,12/9/2019,true
600,Alfreda,Sellan,asellangn@dyndns.org,Female,7847837382,Franceville,3/26/2020,false
601,Ryan,Domengue,rdomenguego@nationalgeographic.com,Male,1434250040,Tigbaw,4/15/2020,false
602,Minnaminnie,Pett,mpettgp@ucoz.com,Female,4232403582,Kanbe,5/5/2020,false
603,Marsh,McBryde,mmcbrydegq@twitter.com,Male,1259662128,Vol’no-Nadezhdinskoye,1/22/2020,false
604,Codee,Bentjens,cbentjensgr@psu.edu,Female,8041420575,Otjimbingwe,7/2/2020,true
605,Sid,Kenningley,skenningleygs@nature.com,Male,6681523110,Zaječar,2/12/2020,true
606,Mordy,Teml,mtemlgt@paginegialle.it,Male,7077728404,Shiwan,11/13/2019,true
607,Sheree,Crutchley,scrutchleygu@reddit.com,Female,3101002427,Osa,7/10/2020,false
608,Ned,Hamerton,nhamertongv@edublogs.org,Male,7822029568,Dapuchaihe,7/19/2020,false
609,Ondrea,Saturley,osaturleygw@springer.com,Female,9519478353,Independencia,11/14/2019,true
610,Paloma,Diter,pditergx@sogou.com,Female,1657849775,Brniště,11/20/2019,false
611,Dar,Hinks,dhinksgy@businessweek.com,Male,0458203610,Lingyuan,10/24/2019,true
612,Ricki,Kerkham,rkerkhamgz@upenn.edu,Male,9545438371,Chongjin,9/1/2020,true
613,Stavros,Loachhead,sloachheadh0@skype.com,Male,8683963594,Yuanbao,2/19/2020,true
614,Marisa,Jamary,mjamaryh1@berkeley.edu,Female,1817388622,Jinan,10/18/2019,false
615,Odessa,von Nassau,ovonnassauh2@ustream.tv,Female,8681926888,Unecha,10/9/2020,false
616,Joni,Boot,jbooth3@clickbank.net,Female,9360401633,Novais,11/18/2019,true
617,Velvet,Keigher,vkeigherh4@skype.com,Female,9012139570,Oeri’u,1/31/2020,false
618,Demetrius,Nutbrown,dnutbrownh5@miibeian.gov.cn,Male,3783625157,Huntsville,7/25/2020,true
619,Mirelle,Ruffey,mruffeyh6@so-net.ne.jp,Female,9298757883,Tukhlya,3/3/2020,true
620,Brady,Piffe,bpiffeh7@com.com,Male,9110452672,Ampelókipoi,12/4/2019,false
621,Margaux,Litherborough,mlitherboroughh8@newsvine.com,Female,6842037360,Puning,1/19/2020,false
622,Petrina,Cops,pcopsh9@paginegialle.it,Female,7545014472,Kuandian,2/7/2020,false
623,Keelby,Hampstead,khampsteadha@ning.com,Male,0777134268,Khotsimsk,7/15/2020,false
624,Temple,Kelloway,tkellowayhb@scientificamerican.com,Male,4918062806,Vienna,6/29/2020,true
625,Vanny,Caesman,vcaesmanhc@sun.com,Female,3441111567,Guilhabreu,2/4/2020,false
626,Mallorie,Crosseland,mcrosselandhd@archive.org,Female,5035919137,Concord,1/29/2020,true
627,Lemuel,MacCoughen,lmaccoughenhe@theguardian.com,Male,8361880720,Iset’,4/12/2020,true
628,Chevalier,Tolworthie,ctolworthiehf@zdnet.com,Male,2317268785,Qingban,11/10/2019,true
629,Padgett,Barwick,pbarwickhg@abc.net.au,Male,0489838642,Kampong Thom,10/25/2019,true
630,Nessie,Birdwhistell,nbirdwhistellhh@mysql.com,Female,4816382046,Thành Phố Lạng Sơn,2/12/2020,true
631,Feodora,Heinsen,fheinsenhi@independent.co.uk,Female,3612899341,Mir,9/1/2020,false
632,Bethanne,McSpirron,bmcspirronhj@sbwire.com,Female,6367035125,Rodionovo-Nesvetaiskoye,12/5/2019,false
633,Annetta,Thorrington,athorringtonhk@springer.com,Female,1196308357,Bendosari,11/10/2019,true
634,Griffie,Sedgman,gsedgmanhl@alexa.com,Male,6652774453,Casal Novo,2/8/2020,true
635,Pavla,Scrivener,pscrivenerhm@google.com.br,Female,9625043705,Tit Mellil,4/21/2020,true
636,Stephen,Brignall,sbrignallhn@biblegateway.com,Male,1556391099,Pisan,2/29/2020,true
637,Elisha,Romanini,eromaniniho@ebay.com,Male,3989618156,Dashahe,7/6/2020,true
638,Thelma,Tzuker,ttzukerhp@free.fr,Female,0749966394,La Chapelle-sur-Erdre,11/26/2019,true
639,Dierdre,Kivlin,dkivlinhq@blogger.com,Female,1127033859,Liwonde,2/13/2020,false
640,Quintus,Habishaw,qhabishawhr@chronoengine.com,Male,5920783532,San Vicente,10/29/2019,false
641,Chickie,Kolodziej,ckolodziejhs@blog.com,Female,4284545744,Ḩawsh ‘Īsá,8/6/2020,false
642,Chandler,Tidbold,ctidboldht@scientificamerican.com,Male,9897264310,Qiuchuan,11/6/2019,false
643,Aryn,Snawdon,asnawdonhu@chron.com,Female,3328274545,Tamnag,8/19/2020,false
644,Korry,Bonn,kbonnhv@bbc.co.uk,Female,9269365840,Xiamazhuang,3/26/2020,false
645,Waylan,Jales,wjaleshw@columbia.edu,Male,1047266113,Xinglong,7/4/2020,true
646,Rozina,Breadmore,rbreadmorehx@ucsd.edu,Female,3746383013,Sosnovo-Ozerskoye,7/7/2020,true
647,Darnell,Yakovlev,dyakovlevhy@utexas.edu,Male,5595094737,Liushui,1/25/2020,false
648,Basilio,Massimo,bmassimohz@woothemes.com,Male,6008818776,Iradan,2/25/2020,false
649,Neal,Jann,njanni0@cyberchimps.com,Male,2260612113,Évreux,9/4/2020,false
650,Puff,Hulks,phulksi1@jimdo.com,Male,1784029696,Glasnevin,2/11/2020,true
651,Dion,Tumbridge,dtumbridgei2@webs.com,Male,5113623555,Chirpan,11/24/2019,true
652,Staci,Slaight,sslaighti3@omniture.com,Female,3314426674,Tegarenkrajan,8/9/2020,true
653,Devora,Gianasi,dgianasii4@china.com.cn,Female,3606310048,Pakxé,6/4/2020,true
654,Derward,Biskup,dbiskupi5@dropbox.com,Male,5859338406,Zhoujiaba,1/3/2020,false
655,Stace,McGaugan,smcgaugani6@altervista.org,Female,6238082291,Sitampiky,5/19/2020,true
656,Davon,Isted,distedi7@over-blog.com,Male,8614617887,Giemdiem,5/9/2020,true
657,Gaylor,Oulet,gouleti8@usa.gov,Male,7043694736,Ciawitali,11/21/2019,false
658,Julita,Nunes Nabarro,jnunesnabarroi9@freewebs.com,Female,8132501896,Zhangyelu,8/2/2020,true
659,Robers,D'Aguanno,rdaguannoia@blogs.com,Male,5140097613,Konibodom,10/31/2019,true
660,Constance,Krollman,ckrollmanib@unicef.org,Female,1336051493,Chuncheon,11/13/2019,true
661,Horacio,Renish,hrenishic@simplemachines.org,Male,0774149418,Hénin-Beaumont,10/9/2020,false
662,Merline,Tyre,mtyreid@hhs.gov,Female,8687923538,Boé,3/14/2020,true
663,Bjorn,Speenden,bspeendenie@ft.com,Male,5112789107,Montréal,6/7/2020,false
664,Marybelle,Vedyaev,mvedyaevif@squidoo.com,Female,9986241529,Kommunisticheskiy,1/15/2020,false
665,Vanya,Jeary,vjearyig@miibeian.gov.cn,Male,5739880637,Lyon,6/28/2020,true
666,Rees,Glyssanne,rglyssanneih@sourceforge.net,Male,5644417514,Kalianda,2/7/2020,true
667,Marve,Tafani,mtafaniii@timesonline.co.uk,Male,5709081302,Tanjungkerta,10/20/2019,true
668,Wesley,Diess,wdiessij@nyu.edu,Male,6011387926,Pudong,3/31/2020,false
669,Marcelle,Tonna,mtonnaik@dagondesign.com,Female,6798053777,Kleszczewo,6/13/2020,true
670,Winonah,Laughton,wlaughtonil@pagesperso-orange.fr,Female,0186253729,Chardonnière,8/8/2020,true
671,Clair,Faint,cfaintim@nba.com,Male,9501668908,Zhexiao,8/19/2020,false
672,Hillery,Vousden,hvousdenin@epa.gov,Male,7012615257,Taocun,10/28/2019,true
673,Gaelan,Allam,gallamio@slashdot.org,Male,4467375619,Zalesnoye,1/10/2020,false
674,Jessamine,Crombleholme,jcrombleholmeip@histats.com,Female,2365739091,Thị Trấn Phước Bửu,2/22/2020,false
675,Lucho,Riddick,lriddickiq@istockphoto.com,Male,5752521998,Kostanay,3/7/2020,false
676,Lucias,Carff,lcarffir@qq.com,Male,1788239032,Georgiyevka,3/16/2020,false
677,Porter,Perham,pperhamis@nymag.com,Male,8241480164,Rungis,11/11/2019,true
678,Kandace,Pol,kpolit@thetimes.co.uk,Female,9456692183,Huangshi,3/30/2020,false
679,Dorotea,Trevascus,dtrevascusiu@prweb.com,Female,8321889123,Shtip,2/15/2020,true
680,Derek,Welsby,dwelsbyiv@google.nl,Male,4780729300,Jasienica,2/28/2020,false
681,Jorey,Escoffrey,jescoffreyiw@cmu.edu,Female,6842946743,Granada,8/11/2020,true
682,Sergio,Garfield,sgarfieldix@bing.com,Male,8760322586,Shishan,4/10/2020,true
683,Marthena,Posthill,mposthilliy@stumbleupon.com,Female,1300335092,Gabú,3/25/2020,false
684,Rafaela,Hassan,rhassaniz@miitbeian.gov.cn,Female,3978011263,Khadzhalmakhi,11/19/2019,true
685,Francoise,Odell,fodellj0@samsung.com,Female,4323514646,Cete,11/9/2019,true
686,Evyn,Lestrange,elestrangej1@google.com.au,Male,5645022645,Agoo,9/25/2020,false
687,Keelia,Tomaello,ktomaelloj2@washingtonpost.com,Female,4376208353,Zhongdeng,11/12/2019,true
688,Karl,MacFarland,kmacfarlandj3@yolasite.com,Male,4312490716,Bang Krathum,6/16/2020,false
689,Kittie,Roder,kroderj4@bandcamp.com,Female,1446312771,La Chapelle-sur-Erdre,4/6/2020,true
690,Quillan,Skehens,qskehensj5@blog.com,Male,8870851052,Pointe-à-Pitre,1/31/2020,false
691,Lek,Findlow,lfindlowj6@soundcloud.com,Male,3064935933,Uwajima,11/2/2019,false
692,Donaugh,Archer,darcherj7@prweb.com,Male,1522735585,Winton,10/1/2020,true
693,Otis,Baptista,obaptistaj8@etsy.com,Male,4379495477,Longzhong,5/13/2020,true
694,Christoffer,Leap,cleapj9@wordpress.org,Male,2468640802,Laem Sing,12/18/2019,true
695,Hattie,Kettlesting,hkettlestingja@paypal.com,Female,9193848447,Lourido,6/25/2020,true
696,Nestor,Coulter,ncoulterjb@hc360.com,Male,0186464428,Sitabamba,12/6/2019,true
697,Kally,Selwyne,kselwynejc@topsy.com,Female,3756788261,Jincheng,8/25/2020,false
698,Logan,Little,llittlejd@google.es,Male,9723963450,Münster,10/22/2019,false
699,Kessia,Duddle,kduddleje@creativecommons.org,Female,2717869654,Ticaco,10/5/2020,true
700,Bettine,Beecraft,bbeecraftjf@apache.org,Female,7990002132,Agios Dimitrios,11/24/2019,false
701,Claybourne,Iapico,ciapicojg@cbslocal.com,Male,3449396986,Muyudian,10/27/2019,true
702,Peri,Cordle,pcordlejh@bloomberg.com,Female,6932053225,Indaiatuba,5/3/2020,false
703,Thorndike,Healings,thealingsji@unicef.org,Male,2482748453,Thayetmyo,10/20/2019,false
704,Cristabel,Salasar,csalasarjj@narod.ru,Female,3327949700,Zaragoza,7/23/2020,false
705,Agretha,Baert,abaertjk@istockphoto.com,Female,7835305933,Bokino,7/2/2020,true
706,Emily,Blakesley,eblakesleyjl@goodreads.com,Female,3264308665,Pontevedra,6/4/2020,true
707,Jerrie,Reavey,jreaveyjm@purevolume.com,Male,5980022252,Lai Lai Bisi Kopan,3/10/2020,false
708,Trixie,Juzek,tjuzekjn@yahoo.co.jp,Female,1752798058,Kugluktuk,11/1/2019,true
709,Florinda,Merioth,fmeriothjo@reference.com,Female,8318301765,Donostia-San Sebastian,3/28/2020,false
710,Joan,Hearnshaw,jhearnshawjp@cocolog-nifty.com,Female,2893794874,Tetandara,3/27/2020,false
711,Son,Linnane,slinnanejq@odnoklassniki.ru,Male,7328590807,Koktal,2/7/2020,false
712,Tiff,Eschalotte,teschalottejr@flickr.com,Female,4125013411,Rokytne,7/9/2020,false
713,Korry,Sandeson,ksandesonjs@hhs.gov,Female,2395752169,Ganyi,1/5/2020,true
714,Jacqui,Veneur,jveneurjt@merriam-webster.com,Female,3850821986,Yangsi,6/19/2020,true
715,Ravid,Leake,rleakeju@oaic.gov.au,Male,4953212827,Brnaze,5/7/2020,true
716,Weidar,Dimock,wdimockjv@theglobeandmail.com,Male,4221835680,Qalyūb,3/15/2020,true
717,Berta,Tuffin,btuffinjw@123-reg.co.uk,Female,9077915826,Itaperuna,5/11/2020,false
718,Mindy,Whitloe,mwhitloejx@soup.io,Female,0042496519,Baiyanghe,3/21/2020,true
719,Gavin,Widdop,gwiddopjy@cnn.com,Male,1147853568,Mangere,5/19/2020,true
720,Helli,Lund,hlundjz@washingtonpost.com,Female,7642763840,Rafaḩ,10/18/2019,false
721,Bev,Snead,bsneadk0@example.com,Female,6419021863,Ualog,4/20/2020,true
722,Cori,Woolerton,cwoolertonk1@ocn.ne.jp,Male,6255603644,Quinuabamba,6/3/2020,false
723,Dallis,Innott,dinnottk2@twitter.com,Male,4935090502,Липково,6/29/2020,true
724,Woodman,Childs,wchildsk3@privacy.gov.au,Male,9276515593,Wangyi Zhendian,10/28/2019,true
725,Garwin,Benadette,gbenadettek4@vk.com,Male,2219244105,Stavropol’,1/3/2020,true
726,Merill,Espinola,mespinolak5@shinystat.com,Male,3325692516,Seredeyskiy,9/2/2020,true
727,Margy,Seeler,mseelerk6@sphinn.com,Female,4119216780,Daping,7/1/2020,true
728,Edvard,Teal,etealk7@hubpages.com,Male,4304153951,Lanyi,2/23/2020,false
729,Kristoforo,Civitillo,kcivitillok8@myspace.com,Male,2463922508,Tippi,8/12/2020,true
730,Carey,Ferronel,cferronelk9@engadget.com,Female,1475948700,Sakhnīn,2/25/2020,true
731,Reynolds,Brady,rbradyka@51.la,Male,4105628925,Kosava,7/22/2020,false
732,Bessie,Squier,bsquierkb@scribd.com,Female,5716006698,Hirosaki,7/9/2020,false
733,Eran,Krabbe,ekrabbekc@scribd.com,Female,5394193371,Cangqian,7/23/2020,true
734,Gaby,Gregore,ggregorekd@ustream.tv,Male,0084159871,Pingshan,4/13/2020,true
735,Gasparo,Dakhov,gdakhovke@cnn.com,Male,6317450927,Ngaoundéré,2/5/2020,true
736,Siward,Cooch,scoochkf@huffingtonpost.com,Male,1166605248,Foshan,12/15/2019,true
737,Artemas,Tweed,atweedkg@sogou.com,Male,1586053361,Nusajaya,7/13/2020,true
738,Karoline,Davidesco,kdavidescokh@digg.com,Female,1528764528,Morelos,7/14/2020,false
739,Harmonia,Blakely,hblakelyki@buzzfeed.com,Female,0634115022,Lipnica,4/13/2020,false
740,Editha,Matzke,ematzkekj@360.cn,Female,6496450269,Karagandy,4/8/2020,true
741,Mathian,Hirsthouse,mhirsthousekk@fema.gov,Male,9857625797,T’ianet’i,12/5/2019,false
742,Cora,Rucklidge,crucklidgekl@icio.us,Female,0210041609,Tambak,12/26/2019,false
743,Cort,Hedaux,chedauxkm@tripod.com,Male,5718401691,Kangalassy,6/23/2020,false
744,Anabelle,Lomaz,alomazkn@goodreads.com,Female,1551591081,Majin,12/17/2019,true
745,Lanae,Tranmer,ltranmerko@state.gov,Female,1837412766,Vailoa,1/10/2020,true
746,Benoit,Stailey,bstaileykp@foxnews.com,Male,6703386684,Rossosh’,11/21/2019,false
747,Holt,Foulgham,hfoulghamkq@ebay.co.uk,Male,2210437237,Tānsen,1/7/2020,true
748,Teodora,Beinke,tbeinkekr@naver.com,Female,8392453913,Xumu,5/23/2020,true
749,Page,Didball,pdidballks@baidu.com,Female,5717757948,Dukuh Kaler,2/24/2020,true
750,Sargent,Tows,stowskt@oakley.com,Male,8307184835,Marne-la-Vallée,12/30/2019,false
751,Gwyneth,Belliss,gbellissku@umich.edu,Female,0805558012,Kiernozia,4/23/2020,false
752,Oran,Driscoll,odriscollkv@wsj.com,Male,1895724929,Dalun,5/25/2020,true
753,Nat,Crommett,ncrommettkw@themeforest.net,Male,1134501412,Calebasses,6/20/2020,true
754,Thurston,Lanceter,tlanceterkx@twitter.com,Male,1086756088,Paratinga,11/9/2019,false
755,Nona,Constantine,nconstantineky@home.pl,Female,4271017469,Damnoen Saduak,3/6/2020,true
756,Paquito,Audenis,paudeniskz@reddit.com,Male,6222409717,Lingqian,2/4/2020,false
757,Darcy,Gainforth,dgainforthl0@nsw.gov.au,Male,3848735059,Mesopotam,2/16/2020,true
758,Liz,Bruneau,lbruneaul1@si.edu,Female,8281879599,Jiuhua,10/6/2020,false
759,Gail,Orys,gorysl2@storify.com,Male,8476551495,Zgornje Gorje,2/2/2020,false
760,Jesse,Dunwoody,jdunwoodyl3@google.pl,Female,5100114002,Kuala Lumpur,4/10/2020,true
761,Mickie,Pennacci,mpennaccil4@oaic.gov.au,Male,2647893012,Bachuan,12/7/2019,true
762,Alvie,Burfitt,aburfittl5@archive.org,Male,6839268209,Utrecht (stad),2/16/2020,false
763,Domenico,MacShane,dmacshanel6@baidu.com,Male,2178983316,Subic,9/4/2020,false
764,Ardelis,Zukierman,azukiermanl7@microsoft.com,Female,2238398171,Chilecito,12/23/2019,false
765,Bettine,Osgood,bosgoodl8@mapquest.com,Female,8563175971,Topeka,5/23/2020,false
766,Lilyan,Graddell,lgraddelll9@shareasale.com,Female,0295823038,Dobje pri Planini,10/19/2019,false
767,Humfried,Lergan,hlerganla@stumbleupon.com,Male,4408053244,Wojciechów,2/1/2020,true
768,Adolph,Learmonth,alearmonthlb@storify.com,Male,7887727456,Guadalupe Victoria,5/23/2020,false
769,Kerr,McLauchlin,kmclauchlinlc@washingtonpost.com,Male,6507129364,Doyong,2/9/2020,false
770,Doy,Fearnehough,dfearnehoughld@infoseek.co.jp,Male,6723857488,Bystřice nad Pernštejnem,4/5/2020,true
771,Nickolaus,Unwin,nunwinle@mapy.cz,Male,0307904717,Ceranów,6/15/2020,false
772,Deedee,Moyles,dmoyleslf@vk.com,Female,0498952231,Bernay,2/17/2020,false
773,Markus,Urvoy,murvoylg@fema.gov,Male,0964038323,Ikedachō,10/30/2019,false
774,Emmaline,Raffan,eraffanlh@liveinternet.ru,Female,3357242257,Gantang,9/6/2020,false
775,Ara,Scown,ascownli@ucsd.edu,Male,6675741071,Shaffa,6/19/2020,true
776,Kinsley,Bridgwood,kbridgwoodlj@merriam-webster.com,Male,8990882702,Krajan Suko Kidul,7/30/2020,false
777,Wang,Paige,wpaigelk@hc360.com,Male,2175960382,Västra Frölunda,5/22/2020,false
778,Nicol,Regina,nreginall@hc360.com,Male,6309745549,Jiaqiao,8/24/2020,true
779,Adeline,Stanluck,astanlucklm@telegraph.co.uk,Female,6894940657,Kyriáki,7/6/2020,false
780,Romola,Giraudat,rgiraudatln@a8.net,Female,1673594832,Xinhua,3/24/2020,true
781,Garrot,Blanckley,gblanckleylo@pinterest.com,Male,0361801866,Talok,9/17/2020,false
782,Luis,de Merida,ldemeridalp@state.tx.us,Male,2275329986,Longquan,9/3/2020,true
783,Marielle,Zealander,mzealanderlq@jiathis.com,Female,0876294778,Vulcan,2/1/2020,false
784,Henka,Hickisson,hhickissonlr@mlb.com,Female,5079517530,Krajan Sale,11/24/2019,true
785,Zak,Huyghe,zhuyghels@yahoo.com,Male,4192764857,Bella Vista,8/27/2020,false
786,Hermia,Scogings,hscogingslt@netlog.com,Female,3364072310,Batutulis,7/27/2020,false
787,Jaymee,Casemore,jcasemorelu@cdc.gov,Female,3226064533,Cosmópolis,4/12/2020,false
788,Neile,Preshous,npreshouslv@zdnet.com,Female,9603707074,Hecheng,9/12/2020,true
789,Carr,Donlon,cdonlonlw@simplemachines.org,Male,3420428901,Goubangzi,11/27/2019,true
790,Francisco,Lawrey,flawreylx@parallels.com,Male,6822320873,Az Zubaydāt,7/16/2020,false
791,Renata,Mangam,rmangamly@blogspot.com,Female,7027675579,Lagunillas,4/8/2020,true
792,Lib,Manwell,lmanwelllz@phoca.cz,Female,4630019227,Dankama,10/15/2019,false
793,Drucie,Rewan,drewanm0@un.org,Female,6879358454,Odivelas,11/24/2019,true
794,Eldredge,Gibb,egibbm1@cmu.edu,Male,5233486342,Galle,3/4/2020,false
795,Burt,Despenser,bdespenserm2@statcounter.com,Male,2402990759,Dujiajing,6/17/2020,false
796,Alberta,Braime,abraimem3@virginia.edu,Female,1661562019,Ivry-sur-Seine,12/31/2019,false
797,Pippo,Briat,pbriatm4@altervista.org,Male,4892467936,Chamalières,3/13/2020,true
798,Eduard,Chidgey,echidgeym5@google.co.uk,Male,7735840683,Cisaro,1/16/2020,true
799,Tab,Tilbury,ttilburym6@twitpic.com,Male,3221101090,Póvoa do Valado,10/9/2020,false
800,Waldon,Mielnik,wmielnikm7@soundcloud.com,Male,6456171784,Phan Thong,1/12/2020,true
801,Karry,Melior,kmeliorm8@techcrunch.com,Female,6525772664,Mondragon,6/21/2020,true
802,Winny,Sinclaire,wsinclairem9@stanford.edu,Female,1651231567,Nkandla,1/18/2020,true
803,Latashia,Kitchiner,lkitchinerma@google.cn,Female,4030463428,Cuauhtemoc,10/31/2019,false
804,Gracie,Whisby,gwhisbymb@wisc.edu,Female,9992142960,Mūsá Qal‘ah,11/12/2019,false
805,Cameron,Gladyer,cgladyermc@eventbrite.com,Male,1733910018,Hasan,6/5/2020,true
806,Brew,Rich,brichmd@google.com.br,Male,8455034467,Soloneshnoye,8/28/2020,false
807,Konstance,Huzzey,khuzzeyme@booking.com,Female,0168104067,Kālābāgh,2/23/2020,true
808,Marline,Milner,mmilnermf@deliciousdays.com,Female,4375452013,Dukuhtengah,9/30/2020,true
809,Zacharias,Heale,zhealemg@harvard.edu,Male,2298209022,Wu’an,6/4/2020,true
810,Marietta,Lukas,mlukasmh@nytimes.com,Female,4375698519,Takarazuka,1/12/2020,true
811,Daryle,Trays,dtraysmi@dedecms.com,Male,0658569570,Kunčina,6/21/2020,true
812,Elsey,Giraldo,egiraldomj@cnet.com,Female,9987055877,Włoszczowa,2/27/2020,true
813,Jeanelle,Heinz,jheinzmk@sina.com.cn,Female,9640979619,Qijiaxi,9/22/2020,false
814,Marjie,Jeffree,mjeffreeml@japanpost.jp,Female,3889975852,Xinhe,1/14/2020,false
815,Beverlee,Poulsum,bpoulsummm@earthlink.net,Female,2437298851,Pariti,5/21/2020,true
816,Malvina,Mc Andrew,mmcandrewmn@nasa.gov,Female,2162197375,Clermont-Ferrand,3/23/2020,true
817,Fredrick,Radbone,fradbonemo@imgur.com,Male,7161590655,Xiamao,4/2/2020,false
818,Loella,Kyte,lkytemp@smh.com.au,Female,9581575138,Mỹ Xuyên,7/10/2020,true
819,Elora,Limming,elimmingmq@utexas.edu,Female,3811226770,Nong Yasai,7/12/2020,true
820,Gardiner,McWhinnie,gmcwhinniemr@nytimes.com,Male,2462450319,Likino-Dulevo,5/9/2020,false
821,Shep,Teeney,steeneyms@theglobeandmail.com,Male,1894209230,Pugeran,8/2/2020,true
822,Anastasie,Riha,arihamt@goo.gl,Female,0523268041,Zhaitou,10/11/2020,false
823,Silvia,Lugden,slugdenmu@aboutads.info,Female,7273093947,Machala,12/27/2019,false
824,Elonore,McGraffin,emcgraffinmv@boston.com,Female,5507367221,Skuratovskiy,9/9/2020,false
825,Bianka,Healy,bhealymw@altervista.org,Female,0744548411,Karangpocok,6/5/2020,true
826,Ricki,Dahlbom,rdahlbommx@telegraph.co.uk,Female,2518901299,Futaleufú,12/22/2019,true
827,Erina,Russo,erussomy@wikia.com,Female,1197455787,Volosovo,7/25/2020,false
828,Aubert,Blucher,abluchermz@bloglines.com,Male,4251019008,Krajan,7/19/2020,true
829,Benito,Workman,bworkmann0@gizmodo.com,Male,1188574361,Jarabacoa,6/9/2020,true
830,Luce,Mennell,lmennelln1@marketwatch.com,Male,6657995261,Fengjiang,3/3/2020,true
831,Evyn,Talloe,etalloen2@soup.io,Male,8007143785,Targanice,1/9/2020,false
832,Juanita,Nowland,jnowlandn3@china.com.cn,Female,5949437683,Lawrenceville,9/6/2020,false
833,Devan,Rosterne,drosternen4@yandex.ru,Female,9665578391,Tillabéri,5/29/2020,true
834,Erik,Margaritelli,emargaritellin5@diigo.com,Male,1143926668,Belén de Escobar,11/7/2019,false
835,Latia,Ridde,lridden6@mediafire.com,Female,7160010329,Mzuzu,6/28/2020,false
836,Henry,Aimer,haimern7@symantec.com,Male,9251214999,Xinzheng,12/3/2019,false
837,Desi,Thurske,dthursken8@dell.com,Male,8327396595,Shaoha,4/23/2020,true
838,Vikki,Reinmar,vreinmarn9@google.de,Female,3263066668,Pedinó,10/21/2019,false
839,Kathy,Tows,ktowsna@utexas.edu,Female,1718558961,Vostochnyy,8/29/2020,true
840,Noble,Syder,nsydernb@indiegogo.com,Male,5094441418,Berlin,8/17/2020,true
841,Sylvia,Jervis,sjervisnc@squarespace.com,Female,2738045928,Velikiye Borki,11/25/2019,false
842,Joannes,Janus,jjanusnd@patch.com,Female,5789169643,Hanyuan,11/30/2019,false
843,Cissiee,Smitton,csmittonne@yolasite.com,Female,2967781487,Niterói,9/10/2020,true
844,Edgar,Wooller,ewoollernf@auda.org.au,Male,0891919481,Bissen,8/3/2020,false
845,Faun,Jedrzejewicz,fjedrzejewiczng@gov.uk,Female,1642632503,Sibiti,4/9/2020,true
846,Bran,Isaksson,bisakssonnh@123-reg.co.uk,Male,9304933277,Demyansk,5/29/2020,false
847,Beulah,Moncrieffe,bmoncrieffeni@drupal.org,Female,4082045546,Kamieniec Wrocławski,10/31/2019,false
848,Sherie,Fairbard,sfairbardnj@state.tx.us,Female,2583296051,Banjar Bucu,9/29/2020,false
849,Kerwin,Izen,kizennk@meetup.com,Male,6677916871,Kota Kinabalu,6/8/2020,false
850,Charleen,Diloway,cdilowaynl@over-blog.com,Female,5419361701,Ustupo,11/25/2019,false
851,Morey,Edmans,medmansnm@blinklist.com,Male,0041514785,Visby,1/7/2020,false
852,Alyson,Lovitt,alovittnn@rambler.ru,Female,1868301400,Dama,8/5/2020,true
853,Antonio,Prinett,aprinettno@bluehost.com,Male,0504356119,Chelu,3/12/2020,true
854,Giselle,Chatelet,gchateletnp@cnn.com,Female,1496255046,Landerneau,6/15/2020,false
855,Sylvia,Carn,scarnnq@intel.com,Female,8971490667,Bolszewo,12/14/2019,false
856,Sigismundo,Pabst,spabstnr@springer.com,Male,2364430577,Riangblolong,9/20/2020,false
857,Franchot,Tellett,ftellettns@redcross.org,Male,6824035459,Yeping,7/1/2020,false
858,Lucais,Goodered,lgooderednt@youku.com,Male,8326387118,Smach Mean Chey,8/25/2020,true
859,Noni,Sharpley,nsharpleynu@reverbnation.com,Female,1881337545,Pagak,10/23/2019,false
860,Gael,By,gbynv@nydailynews.com,Male,2774671957,Tuchomie,6/24/2020,true
861,Fairfax,Brookson,fbrooksonnw@e-recht24.de,Male,0655246215,Santa Fé do Sul,2/21/2020,true
862,Wallache,Bruce,wbrucenx@umn.edu,Male,2029223530,Penedo,6/29/2020,false
863,Lauren,Pods,lpodsny@blog.com,Female,3374588646,Khorugh,5/24/2020,true
864,Phylis,Roullier,proulliernz@pagesperso-orange.fr,Female,3329730455,Luci,4/3/2020,true
865,Danit,Crickmer,dcrickmero0@reuters.com,Female,0945001347,Ágios Týchon,7/10/2020,true
866,Candace,Budgeon,cbudgeono1@cnet.com,Female,7853427344,Senduro,11/23/2019,false
867,Shell,Lount,slounto2@qq.com,Male,3870521201,Raszowa,5/13/2020,false
868,Rianon,Rivers,rriverso3@adobe.com,Female,7417884229,Pulosari,8/12/2020,false
869,Veradis,Loney,vloneyo4@narod.ru,Female,2966395389,Hostivice,9/13/2020,false
870,Zebulen,Bentley,zbentleyo5@cyberchimps.com,Male,2144189528,Hyattsville,3/7/2020,false
871,Elsi,Fairhurst,efairhursto6@gizmodo.com,Female,3959307020,Esposende,11/15/2019,false
872,Alley,Wanklyn,awanklyno7@clickbank.net,Male,1989797563,Adigeni,7/17/2020,true
873,Tabbatha,Gourlay,tgourlayo8@state.tx.us,Female,6270471168,Āstārā,7/11/2020,false
874,Yorke,Bester,ybestero9@youku.com,Male,0517226073,Saguenay,12/26/2019,true
875,Alexina,Splevin,asplevinoa@blogtalkradio.com,Female,4745902999,Manta,1/27/2020,true
876,Wake,Cowsby,wcowsbyob@meetup.com,Male,7227781240,Bayt Wazan,12/23/2019,false
877,Allard,Satyford,asatyfordoc@earthlink.net,Male,9920998702,Brumadinho,12/23/2019,false
878,Layton,Theodoris,ltheodorisod@vkontakte.ru,Male,7425484862,Pajannangger,6/8/2020,false
879,Buiron,MacDonald,bmacdonaldoe@ehow.com,Male,0427030110,Nam Som,9/21/2020,true
880,Sim,Trowsdall,strowsdallof@imgur.com,Male,1973015722,Chengzhai,10/31/2019,false
881,Willow,Wadhams,wwadhamsog@china.com.cn,Female,2626858633,Vladimirskaya,8/31/2020,false
882,Annabell,Jouannisson,ajouannissonoh@prlog.org,Female,6753963340,Dongyangzhen,7/21/2020,true
883,Brand,Arndell,barndelloi@jugem.jp,Male,9738640229,Krutja e Poshtme,6/8/2020,true
884,Marnia,Wheeldon,mwheeldonoj@cisco.com,Female,8518096855,Robatal,1/25/2020,false
885,Carolyne,Sailor,csailorok@zimbio.com,Female,5655397439,Uzyn,6/11/2020,true
886,Dolley,Briant,dbriantol@rediff.com,Female,2609941943,Angered,9/29/2020,false
887,Shirline,Paddon,spaddonom@barnesandnoble.com,Female,6956187426,Klatovy,11/30/2019,false
888,Beverlee,Ballantyne,bballantyneon@virginia.edu,Female,6468040698,Vide,2/21/2020,true
889,Edvard,Van Der Walt,evanderwaltoo@geocities.com,Male,3110611317,Cergy-Pontoise,5/7/2020,true
890,Ashby,Tattersill,atattersillop@topsy.com,Male,1084071347,Baofeng,9/2/2020,false
891,Harriett,Rusk,hruskoq@ucla.edu,Female,0690106599,Rochester,3/26/2020,true
892,Codi,Huffey,chuffeyor@moonfruit.com,Female,3094749402,Sutton,2/18/2020,true
893,Mychal,McCraw,mmccrawos@phoca.cz,Male,5274394760,Mętków,2/4/2020,false
894,Domeniga,Armsby,darmsbyot@imageshack.us,Female,1109707347,Megion,12/11/2019,true
895,Annaliese,Maly,amalyou@state.tx.us,Female,2902688059,Viloco,12/10/2019,false
896,Evonne,Mearns,emearnsov@yelp.com,Female,7133799626,Luna,1/9/2020,false
897,Stanly,Essel,sesselow@ifeng.com,Male,8879508229,Escazú,9/9/2020,true
898,Pacorro,Borgesio,pborgesioox@disqus.com,Male,0757478387,Mangqu,11/15/2019,false
899,Scot,Woollcott,swoollcottoy@nydailynews.com,Male,5059064417,Na Wa,12/12/2019,false
900,Lina,Gehring,lgehringoz@sphinn.com,Female,1993421653,Polunochnoye,9/17/2020,true
901,Ninon,Pietersen,npietersenp0@fda.gov,Female,7313774176,Meiqi,11/17/2019,false
902,Dinah,Guile,dguilep1@theguardian.com,Female,8909142073,Ayolas,6/10/2020,false
903,Ervin,Dimanche,edimanchep2@google.nl,Male,9339250605,Aba,3/3/2020,false
904,Jemmie,Taill,jtaillp3@hao123.com,Female,1350203513,Svrljig,6/28/2020,true
905,Conney,Corlett,ccorlettp4@bigcartel.com,Male,3684584878,Mbalmayo,5/5/2020,true
906,Merla,Blondin,mblondinp5@admin.ch,Female,5862413529,Kafr ash Shaykh,4/11/2020,true
907,Don,Morfey,dmorfeyp6@comcast.net,Male,9394689699,El Calvario,5/17/2020,true
908,Chance,Takos,ctakosp7@amazon.de,Male,9998258073,Jāmpur,2/13/2020,false
909,Cchaddie,McGawn,cmcgawnp8@naver.com,Male,3910254675,Villa Lugano,10/17/2019,true
910,Roobbie,Kitchingman,rkitchingmanp9@addtoany.com,Female,4755863902,Cabungan,3/6/2020,true
911,Carmine,Mateos,cmateospa@businessweek.com,Male,7241310020,Novo Cruzeiro,6/1/2020,false
912,Guss,Illwell,gillwellpb@blogspot.com,Male,1643961810,Dzüünkharaa,3/8/2020,true
913,Tiffanie,Gouldie,tgouldiepc@mapquest.com,Female,2142599001,Gaojian,4/7/2020,false
914,Early,Ofer,eoferpd@admin.ch,Male,7221055874,Horní Lideč,10/26/2019,false
915,Edward,Durno,edurnope@amazon.de,Male,7200148369,Ndeaboh,2/12/2020,false
916,Payton,Dalgetty,pdalgettypf@who.int,Male,5981918780,Taiping,3/8/2020,true
917,Belva,Normanville,bnormanvillepg@123-reg.co.uk,Female,7280167543,Sapol,1/29/2020,false
918,Zonnya,Zoanetti,zzoanettiph@goodreads.com,Female,8363478253,Widuchowa,10/15/2019,false
919,Vincenty,McOrkil,vmcorkilpi@behance.net,Male,0297862855,Juan de Acosta,10/29/2019,false
920,Mireielle,Whipp,mwhipppj@sciencedirect.com,Female,7539616547,Ban Huai Thalaeng,9/25/2020,false
921,Rhodie,Rabier,rrabierpk@nyu.edu,Female,3558105249,Hamar,10/3/2020,true
922,Genovera,Shevlane,gshevlanepl@archive.org,Female,5079687835,Mancilang,7/10/2020,true
923,Vasilis,Monelli,vmonellipm@sfgate.com,Male,4801329497,Kukuna,4/20/2020,false
924,Jeralee,Aisbett,jaisbettpn@sciencedaily.com,Female,1653050535,Clisson,10/12/2019,false
925,Denis,Bourton,dbourtonpo@plala.or.jp,Male,5770712953,Bungoma,11/27/2019,false
926,Dorolice,Eaken,deakenpp@diigo.com,Female,2968364375,Wielbark,6/30/2020,false
927,Jerrylee,Blackford,jblackfordpq@geocities.jp,Female,8744239238,Norrköping,3/2/2020,false
928,Gill,Hobden,ghobdenpr@digg.com,Male,8188087076,Vitanje,12/7/2019,true
929,Tabbitha,Brodeau,tbrodeaups@pbs.org,Female,6819735537,Vällingby,7/28/2020,true
930,Mel,Berthod,mberthodpt@discuz.net,Male,8622184293,San Carlos,3/24/2020,false
931,Auroora,Francois,afrancoispu@virginia.edu,Female,0292052952,Nyzhni Sirohozy,12/30/2019,false
932,Reinaldos,Crosser,rcrosserpv@economist.com,Male,9497018215,Santa Maria do Souto,1/28/2020,false
933,Shandra,Pietersma,spietersmapw@un.org,Female,5450751052,Jiatou,12/27/2019,false
934,Jolynn,Ellesmere,jellesmerepx@nature.com,Female,1412881900,Murça,10/1/2020,false
935,Melva,Castagneri,mcastagneripy@mediafire.com,Female,6797331021,Girey,7/31/2020,false
936,Humfried,Conville,hconvillepz@shinystat.com,Male,9547986252,Palmar de Varela,7/14/2020,true
937,Edan,Martonfi,emartonfiq0@shutterfly.com,Male,4836392888,Cikulina,5/13/2020,false
938,Fifine,Chaffyn,fchaffynq1@homestead.com,Female,5158121664,Kalbugan,10/30/2019,true
939,Odetta,Oneill,ooneillq2@chronoengine.com,Female,3727754656,Akure,3/10/2020,false
940,Henrietta,O'Day,hodayq3@yandex.ru,Female,4548834737,Odivelas,12/4/2019,false
941,Burtie,Cawthry,bcawthryq4@seattletimes.com,Male,6655524490,Jindong,6/6/2020,false
942,Abe,Sillars,asillarsq5@weebly.com,Male,6915670106,San Miguel,12/27/2019,true
943,Emmett,Beining,ebeiningq6@cbslocal.com,Male,8068866647,Karangora,8/3/2020,false
944,Jens,Rutty,jruttyq7@xrea.com,Male,3400712108,Canela,11/30/2019,true
945,Addison,Bouller,aboullerq8@mit.edu,Male,1272826880,Abaeté,12/31/2019,true
946,Brittni,Binder,bbinderq9@apache.org,Female,4924407380,Kuala Lumpur,8/20/2020,true
947,Renata,Grigorkin,rgrigorkinqa@homestead.com,Female,0935384227,Gunungkencana,6/1/2020,false
948,Ericha,Giacometti,egiacomettiqb@google.com.au,Female,4010090413,Avignon,11/24/2019,false
949,Bette-ann,McPhilip,bmcphilipqc@wikimedia.org,Female,5454357294,Sacramento,6/18/2020,true
950,Denny,Harrild,dharrildqd@imdb.com,Female,3928559508,Suibara,10/28/2019,false
951,Ardyth,O'Caherny,aocahernyqe@hugedomains.com,Female,6280338355,Patarrá,11/17/2019,true
952,Gran,Spenton,gspentonqf@engadget.com,Male,0923544216,Hōfu,7/26/2020,true
953,Ennis,Lount,elountqg@nih.gov,Male,3990084461,Chengzhong,8/14/2020,true
954,Charmian,McQuilkin,cmcquilkinqh@studiopress.com,Female,3502918198,Yuekou,2/28/2020,true
955,Gibb,Lamperti,glampertiqi@uol.com.br,Male,3993448847,Oljoq,8/11/2020,false
956,Angelika,Haugh,ahaughqj@taobao.com,Female,1220894729,Meipu,12/14/2019,false
957,Cristiano,Dugmore,cdugmoreqk@etsy.com,Male,2518747931,Krásná Hora nad Vltavou,7/11/2020,false
958,Nichols,Hoolaghan,nhoolaghanql@cbc.ca,Male,6585321022,Mont-de-Marsan,5/17/2020,false
959,Robenia,Stockley,rstockleyqm@imageshack.us,Female,8679301663,Bobigny,12/24/2019,false
960,Mari,Tween,mtweenqn@yahoo.com,Female,4133394836,Senneterre,5/30/2020,true
961,Edlin,Bess,ebessqo@deviantart.com,Male,1816653675,Bauta,3/28/2020,false
962,Revkah,Fifield,rfifieldqp@studiopress.com,Female,5170269684,Port Glaud,11/16/2019,true
963,Tudor,Minelli,tminelliqq@irs.gov,Male,5198865923,Nielisz,5/28/2020,true
964,Mei,Recher,mrecherqr@foxnews.com,Female,8849900201,Kokterek,12/22/2019,false
965,Moore,Leathwood,mleathwoodqs@yahoo.com,Male,5561855808,Outokumpu,5/7/2020,true
966,Hettie,Charlon,hcharlonqt@disqus.com,Female,5541314925,Ostrów Mazowiecka,9/25/2020,false
967,Leonid,Simkins,lsimkinsqu@jalbum.net,Male,5402863490,Longaví,9/20/2020,true
968,Joby,Royds,jroydsqv@nifty.com,Female,4462645618,Plyeshchanitsy,3/23/2020,true
969,Christos,Rylett,crylettqw@army.mil,Male,9392582250,Sandnes,6/6/2020,false
970,Perl,Cartmer,pcartmerqx@geocities.jp,Female,1982073675,Lokot’,4/2/2020,false
971,Klarika,Atmore,katmoreqy@quantcast.com,Female,1466188537,Nakkila,7/21/2020,false
972,Ephrem,Woodvine,ewoodvineqz@friendfeed.com,Male,9971920611,Shenzhong,12/3/2019,true
973,Corinne,Russen,crussenr0@unesco.org,Female,4701500895,Santiago,4/18/2020,false
974,Ester,Monget,emongetr1@nih.gov,Female,1003927858,Huayuan,2/21/2020,false
975,Gallagher,Heeney,gheeneyr2@google.ca,Male,6875741237,Ushiku,11/27/2019,true
976,Goraud,Greasty,ggreastyr3@constantcontact.com,Male,8143597563,Itaperuçu,8/1/2020,true
977,Stormy,Godden,sgoddenr4@prnewswire.com,Female,0905386701,Belogorsk,2/7/2020,true
978,Hilary,Aspey,haspeyr5@squidoo.com,Female,3952972436,Pirané,9/27/2020,true
979,Brigg,Gerauld,bgerauldr6@vinaora.com,Male,9177368967,Montceau-les-Mines,1/18/2020,true
980,Sher,Jonuzi,sjonuzir7@china.com.cn,Female,0520554124,Guohe,7/15/2020,false
981,Benji,Muslim,bmuslimr8@mapquest.com,Male,5815180769,Ashchysay,5/1/2020,false
982,Rene,Peagrim,rpeagrimr9@digg.com,Male,8062571114,Dobra,9/1/2020,true
983,Almire,Addison,aaddisonra@noaa.gov,Female,8815722076,Akzhal,6/3/2020,true
984,Boycie,Kirkham,bkirkhamrb@moonfruit.com,Male,8946355115,Tver,9/23/2020,true
985,Hunt,Wardingley,hwardingleyrc@engadget.com,Male,8949436663,Dolní Studénky,9/12/2020,false
986,Lelah,Sarver,lsarverrd@google.es,Female,4446803654,Bukhovo,12/18/2019,false
987,Stefanie,Pavie,spaviere@elegantthemes.com,Female,4530246663,Moerewa,7/15/2020,true
988,Selig,Harp,sharprf@un.org,Male,0466077319,Shiree,11/21/2019,true
989,Nefen,Dickerson,ndickersonrg@soundcloud.com,Male,1589415272,Ciasna,2/29/2020,true
990,Rem,Curlis,rcurlisrh@pbs.org,Male,9130109841,Verkhn’odniprovs’k,11/23/2019,true
991,Abram,Featherston,afeatherstonri@bloglovin.com,Male,1596835974,Além Paraíba,7/13/2020,true
992,Cirilo,Matis,cmatisrj@omniture.com,Male,4982476659,Fagersta,9/21/2020,false
993,Verina,Faloon,vfaloonrk@joomla.org,Female,3786711119,Artémida,8/14/2020,true
994,Joseph,Langton,jlangtonrl@blogtalkradio.com,Male,2014643717,Jinping,7/21/2020,false
995,Derrik,Marsters,dmarstersrm@ca.gov,Male,3379781762,El Triunfo,4/20/2020,false
996,Packston,Burberye,pburberyern@dedecms.com,Male,1090842678,Buenavista,7/16/2020,false
997,Charil,Glossup,cglossupro@pagesperso-orange.fr,Female,0089367510,Aracataca,5/21/2020,true
998,Gil,Puddicombe,gpuddicomberp@printfriendly.com,Male,7086764205,Tawaran,5/19/2020,false
999,Hannie,Kindall,hkindallrq@hao123.com,Female,7169249898,Klimavichy,12/12/2019,false
1000,Biddy,Coburn,bcoburnrr@hud.gov,Female,5342727022,Chirpan,5/17/2020,false
